{"A": [7066.0, 191, 0.08736624505204828], "B": [11832.0, 299, 0.1475036131557849], "C": [6834.0, 237, 0.08426748509729033], "DMA": [2634.0, 2, 0.04549520245588315], "DMB": [1430.0, 4, 0.024512253158177993], "DOA": [40.0, 6, 0.0007211695688584393], "DOB": [74.0, 6, 0.0012206868382724774], "DQA1": [14880.0, 64, 0.26303533196660234], "DRA": [7512.0, 8, 0.13331116432523663], "DRB1": [1870.0, 48, 0.03169432214747993], "DRB2": [6.0, 1, 0.00015878382612584933], "DRB5": [1068.0, 3, 0.018101356178346826], "E": [2570.0, 12, 0.03218668268797372], "H": [16.0, 5, 0.00019819003114978276], "K": [52.0, 7, 0.0006458855360983771], "L": [52.0, 2, 0.000644117601236794], "P": [72.0, 1, 0.0004628187659236404], "Y": [12.0, 1, 0.0001977089873848561], "DQB1": [878.0, 60, 0.015165067485294384], "F": [7720.0, 5, 0.10067901274988292], "DRB4": [728.0, 3, 0.012338752151532293], "DPA1": [4.0, 1, 6.935385508945145e-05], "J": [2.0, 1, 2.4796378326502502e-05]}