{"A": [16920.0, 263, 0.19434054326020392], "B": [16850.0, 358, 0.19513600940742104], "C": [11806.0, 338, 0.13523243055397224], "DMA": [1138.0, 2, 0.018259341443393477], "DMB": [618.0, 4, 0.009840761067890565], "DOA": [6.0, 3, 0.00010048972737876103], "DOB": [70.0, 7, 0.0010726637363577347], "DQA1": [8164.0, 40, 0.1340624555432106], "DRA": [2530.0, 9, 0.04170849122701609], "DRB1": [886.0, 32, 0.01394975562600072], "DRB5": [282.0, 3, 0.0044399899396526], "DRB7": [2.0, 1, 3.164732945052574e-05], "E": [6456.0, 17, 0.07511032364819077], "F": [13294.0, 7, 0.16105356358265396], "H": [26.0, 6, 0.00029917698944972377], "K": [48.0, 8, 0.0005538427426620828], "L": [370.0, 3, 0.0042575186960153], "P": [208.0, 1, 0.0012420378046852168], "Y": [14.0, 3, 0.00021427239199573196], "DQB1": [294.0, 35, 0.0047172639581350454], "G": [2.0, 1, 2.4801299480893828e-05], "DRB4": [270.0, 2, 0.004251054197539722], "J": [6.0, 2, 6.910389471799731e-05], "DPB1": [2.0, 1, 3.246193252518535e-05]}