{"A": [7602.0, 286, 0.15566751547061006], "B": [8940.0, 208, 0.18457892309057966], "C": [6382.0, 256, 0.130329266085304], "DMA": [1548.0, 3, 0.04428135269000755], "DMB": [814.0, 4, 0.023108496607285374], "DQA1": [654.0, 44, 0.019146482408570063], "DRA": [4434.0, 6, 0.13031869501647486], "DRB1": [2272.0, 54, 0.0637746787631368], "DRB3": [206.0, 6, 0.005782387247009764], "DRB7": [4.0, 1, 0.00011284287400213958], "E": [3968.0, 12, 0.0823028454013539], "H": [22.0, 6, 0.0004513200165952362], "K": [28.0, 7, 0.0005759838920932633], "L": [272.0, 2, 0.00557995656881383], "P": [162.0, 1, 0.0017246206006051434], "Y": [6.0, 1, 0.00016371802896791005], "DQB1": [680.0, 48, 0.01945175699561055], "F": [6040.0, 4, 0.13045438383799707], "DOB": [38.0, 5, 0.001038140729656379], "DRB5": [2.0, 1, 5.613968200980353e-05], "DOA": [34.0, 6, 0.0010152112216832599], "J": [2.0, 1, 4.106656190854121e-05], "G": [2.0, 1, 4.421620972453553e-05]}