{"A": [7356.0, 182, 0.1952501547234149], "B": [8136.0, 230, 0.217738419614981], "C": [2732.0, 132, 0.07231782937571184], "DMA": [944.0, 2, 0.03500269264408903], "DOA": [44.0, 7, 0.0017029806232740994], "DOB": [162.0, 6, 0.0057367666605190075], "DQA1": [544.0, 21, 0.020643802044064158], "DRB1": [960.0, 24, 0.03492936763569349], "DRB3": [106.0, 5, 0.003856784343107822], "E": [2986.0, 12, 0.08028095450867233], "F": [8314.0, 6, 0.23276158019237075], "H": [10.0, 4, 0.00026591415256415826], "K": [32.0, 6, 0.0008532608562424667], "L": [404.0, 3, 0.010742931763591996], "P": [136.0, 1, 0.001876709276733105], "Y": [4.0, 2, 0.0001414766559273386], "DRA": [1220.0, 7, 0.04647831786622057], "DMB": [838.0, 3, 0.03083690929220279], "DQB1": [226.0, 16, 0.00837988192538572], "J": [2.0, 1, 5.3231399307820545e-05], "DPB1": [4.0, 1, 0.00015003444592551736]}