{"A": [1958.0, 80, 0.08575924533258995], "B": [3288.0, 184, 0.14520264663610954], "C": [1042.0, 77, 0.04551462860531724], "DMA": [2372.0, 2, 0.14513185356996672], "DOA": [14.0, 3, 0.0008941361684705325], "DRB1": [1748.0, 26, 0.10494929257466805], "DRB2": [4.0, 1, 0.0003749844248723536], "DRB3": [46.0, 3, 0.002761823488807054], "DRB7": [4.0, 1, 0.00024136387698810212], "F": [5590.0, 5, 0.2582448572703416], "K": [52.0, 6, 0.002287988224587124], "L": [38.0, 2, 0.0016674147761089556], "P": [28.0, 1, 0.0006375800519491581], "DQB1": [130.0, 16, 0.0079541066459088], "DRA": [912.0, 7, 0.05733291277224833], "E": [1178.0, 14, 0.052262070510219444], "DMB": [882.0, 3, 0.053556724363729276], "DOB": [68.0, 5, 0.003973559136466338], "DRB5": [2.0, 1, 0.00012007928212204583], "DQA1": [484.0, 18, 0.030307823183726053], "DPA1": [2.0, 1, 0.0001228397253892193], "H": [16.0, 6, 0.0007020693794142971]}