{"A": [8848.0, 157, 0.20465048670718752], "B": [7486.0, 224, 0.17457897970665331], "C": [4404.0, 198, 0.10158509692788965], "DMA": [558.0, 2, 0.018029416057812477], "DOB": [38.0, 5, 0.001172610474866284], "DQA1": [4828.0, 31, 0.15965261978120157], "DRA": [920.0, 8, 0.030541924566555058], "DRB1": [352.0, 22, 0.011160410149381135], "DRB5": [182.0, 3, 0.005770439338600474], "F": [7462.0, 6, 0.18204322605089157], "H": [36.0, 8, 0.0008341841901012836], "K": [118.0, 11, 0.0027417752601763446], "L": [112.0, 3, 0.002595239702537327], "P": [120.0, 1, 0.0014429701268166143], "Y": [4.0, 1, 0.0001232828846212253], "E": [3694.0, 15, 0.08654413008570673], "DMB": [250.0, 3, 0.008016500704536746], "DRB4": [136.0, 1, 0.0043119766486245294], "DQB1": [124.0, 14, 0.004006536901736106], "DOA": [2.0, 1, 6.74535836174566e-05], "DPB1": [4.0, 1, 0.00013074015048634445]}