{"A": [15084.0, 279, 0.1807078732528506], "B": [18182.0, 263, 0.21962241600259821], "C": [8120.0, 150, 0.09701337228642432], "DMA": [3222.0, 2, 0.05392198622805687], "DOA": [20.0, 3, 0.0003493798954832662], "DQA1": [1056.0, 24, 0.018086960464299338], "DRA": [6574.0, 9, 0.11303974150189312], "DRB1": [5986.0, 44, 0.09830307146911436], "DRB2": [4.0, 1, 0.00010256649563309919], "DRB3": [448.0, 7, 0.007357129304738262], "DRB7": [2.0, 1, 3.3009167038757767e-05], "E": [5202.0, 18, 0.06312537291867504], "H": [22.0, 6, 0.00026404321845692463], "K": [92.0, 9, 0.001107211419922175], "L": [262.0, 3, 0.003144514692532466], "P": [128.0, 1, 0.0007972213978754528], "Y": [6.0, 2, 9.578266794862844e-05], "DPB1": [36.0, 6, 0.0006094588292638596], "DQB1": [678.0, 20, 0.011346712185792227], "G": [4.0, 1, 5.173708186802349e-05], "F": [7398.0, 5, 0.09348167567191441], "DMB": [2052.0, 3, 0.03408121475917561], "DOB": [202.0, 6, 0.003228601359804234], "J": [8.0, 3, 9.610340138772582e-05], "DRB5": [2.0, 1, 3.284432725329581e-05]}