{"A": [1124.0, 81, 0.08454814095594153], "B": [2382.0, 161, 0.18065665682156726], "C": [574.0, 62, 0.04305907193215167], "DMA": [864.0, 2, 0.0907885935102675], "DOA": [2.0, 1, 0.0002193689270666416], "DRB1": [804.0, 26, 0.08290173587594858], "DRB2": [2.0, 1, 0.0003219976648755967], "DRB3": [36.0, 4, 0.0037120180242962053], "DRB7": [2.0, 1, 0.00020725822092996376], "F": [3466.0, 4, 0.27499064553956476], "K": [4.0, 1, 0.00030225947315861145], "L": [60.0, 2, 0.004521481808791455], "P": [16.0, 1, 0.0006257000078832619], "DRA": [538.0, 6, 0.05808459053573559], "E": [736.0, 12, 0.05607749738549323], "DMB": [810.0, 3, 0.08446950106424035], "DOB": [66.0, 5, 0.00662344892913606], "DQB1": [90.0, 14, 0.00945714515731953], "DQA1": [170.0, 12, 0.018282172105339056], "H": [2.0, 1, 0.00015071606029304848]}