{"A": [8742.0, 198, 0.19298694466656943], "B": [10418.0, 269, 0.23188675428720762], "C": [3684.0, 159, 0.08110577359931131], "DMA": [1094.0, 2, 0.03373760462882228], "DOA": [46.0, 5, 0.0014807519865203396], "DOB": [182.0, 6, 0.005360323755736343], "DQA1": [756.0, 21, 0.023860527679530702], "DRA": [1302.0, 8, 0.0412542805369838], "DRB2": [14.0, 1, 0.0006615004424907797], "DRB3": [142.0, 5, 0.004297098380032401], "DRB5": [6.0, 1, 0.00018156753718446764], "F": [10034.0, 6, 0.23363765340302073], "H": [38.0, 10, 0.0008404125147233615], "K": [52.0, 5, 0.0011531947329685033], "L": [396.0, 3, 0.008757983048169767], "P": [140.0, 1, 0.0016067695407091381], "Y": [4.0, 1, 0.00011766634084527392], "DQB1": [242.0, 12, 0.007462980182975312], "DRB1": [1068.0, 22, 0.032319021618835236], "E": [3488.0, 12, 0.07799498206169093], "DMB": [624.0, 3, 0.019097603683857184], "J": [4.0, 1, 8.854526470913764e-05], "DPB1": [2.0, 1, 6.239193362709505e-05], "G": [2.0, 1, 4.7668173479108023e-05]}