{"A": [8394.0, 262, 0.15989064927687704], "B": [11602.0, 329, 0.22282372116944996], "C": [7890.0, 255, 0.14988084246721217], "DMA": [972.0, 2, 0.02586426612499821], "DMB": [718.0, 4, 0.018960758379980992], "DOB": [14.0, 5, 0.00035578254858952273], "DQA1": [430.0, 29, 0.011710182860895296], "DRA": [4246.0, 6, 0.11608470337806223], "DRB1": [3350.0, 40, 0.08747193468777811], "DRB2": [2.0, 1, 8.153969297944228e-05], "DRB3": [88.0, 5, 0.0022977702246341713], "E": [5276.0, 14, 0.10179628899531491], "F": [2744.0, 7, 0.055130231842342683], "H": [18.0, 6, 0.0003434933964289097], "L": [154.0, 3, 0.002938776836114005], "P": [174.0, 1, 0.0017231051313283561], "Y": [4.0, 1, 0.00010152879247197546], "DQB1": [1564.0, 46, 0.04161698788014115], "K": [24.0, 5, 0.00045924826164816715], "J": [2.0, 1, 3.82007876698209e-05], "G": [2.0, 1, 4.113064159140009e-05], "DOA": [14.0, 3, 0.00038885662349160327]}