{"A": [6890.0, 204, 0.09162072479409508], "B": [8414.0, 300, 0.1128110052500773], "C": [9090.0, 214, 0.12054616695462232], "DMA": [4440.0, 2, 0.08247783745631808], "DPB1": [6.0, 2, 0.00011274753946340047], "DRA": [8532.0, 7, 0.16284193446780967], "DRB1": [4646.0, 70, 0.08468832253549456], "DRB3": [346.0, 5, 0.006306965044614962], "DRB5": [12.0, 2, 0.00021873867206757095], "DRB7": [2.0, 1, 3.663941370266088e-05], "E": [2522.0, 15, 0.03396977273174089], "F": [13690.0, 8, 0.19201252552870976], "H": [40.0, 13, 0.0005328761445441738], "K": [24.0, 6, 0.00032060325036802257], "L": [108.0, 2, 0.0014387655902692693], "P": [84.0, 1, 0.0005807138893384803], "Y": [28.0, 5, 0.0004961439054542356], "DQB1": [1540.0, 55, 0.028607177856470684], "V": [2.0, 1, 5.648280990526252e-05], "DQA1": [1812.0, 53, 0.034448777506829134], "DMB": [2226.0, 3, 0.04103711484658594], "DPA1": [4.0, 1, 7.458904909583837e-05], "DOB": [210.0, 6, 0.0037256006509200196], "DRB4": [8.0, 1, 0.00014582578137838065], "DOA": [46.0, 5, 0.000891948330124139]}