{"A": [4858.0, 184, 0.1480231698796764], "B": [7686.0, 249, 0.23612775078478973], "C": [2460.0, 179, 0.07475191416213121], "DMA": [1350.0, 2, 0.05746266348853086], "DQA1": [668.0, 23, 0.02909978447080068], "DRA": [1758.0, 7, 0.07688329107382239], "DRB1": [2286.0, 45, 0.095481281643814], "DRB2": [6.0, 1, 0.00039129870913567465], "DRB3": [110.0, 5, 0.004594462371312135], "F": [3488.0, 6, 0.11209862270247593], "L": [176.0, 3, 0.005372502714483241], "P": [108.0, 1, 0.0017108202084085322], "DQB1": [240.0, 24, 0.010215584620183264], "E": [3176.0, 17, 0.09802249249850017], "DMB": [1060.0, 3, 0.044777022738593686], "DOB": [88.0, 5, 0.003577316509765269], "K": [4.0, 2, 0.00012243747348984516], "DPA1": [4.0, 1, 0.00017091207985236366], "DRB5": [4.0, 1, 0.00016707135895680493], "DOA": [12.0, 4, 0.0005331639781848635], "DPB1": [4.0, 1, 0.000172231864252768], "H": [8.0, 2, 0.0002442046688401473]}