{"A": [1656.0, 93, 0.08352269273061477], "B": [2882.0, 179, 0.14655903329168704], "C": [1122.0, 88, 0.05643545527651479], "DMA": [1818.0, 2, 0.12809076748589054], "DQA1": [384.0, 18, 0.027689588350910333], "DRB1": [1424.0, 26, 0.09845186969212563], "DRB2": [2.0, 1, 0.00021590322300904744], "DRB3": [22.0, 3, 0.0015210260767041881], "DRB5": [6.0, 1, 0.0004148252936465968], "E": [1180.0, 13, 0.06028360563482323], "F": [4874.0, 4, 0.2592873268440672], "H": [18.0, 5, 0.000909512026124792], "K": [32.0, 8, 0.0016213482657440636], "L": [78.0, 2, 0.003941218779874098], "P": [24.0, 1, 0.0006293088261570531], "Y": [2.0, 1, 0.00013441547743160356], "DQB1": [196.0, 16, 0.013809565691548157], "DRA": [710.0, 6, 0.05139766726574206], "DMB": [788.0, 3, 0.05509948389019531], "DOB": [96.0, 4, 0.006459782458535582], "DPB1": [2.0, 1, 0.00014254614337662978], "DOA": [46.0, 4, 0.0033830572752772256]}