{"A": [4444.0, 223, 0.11884561970508827], "B": [6218.0, 159, 0.16766187063586735], "C": [3944.0, 202, 0.10518675483631222], "DMA": [1526.0, 3, 0.057009004451672625], "DOB": [90.0, 6, 0.0032111023147670605], "DQA1": [576.0, 44, 0.022022810042110753], "DRA": [2590.0, 6, 0.09941451504848253], "DRB1": [1608.0, 56, 0.05894744660460107], "DRB3": [86.0, 4, 0.003152661945270953], "F": [7252.0, 6, 0.20455897332742515], "H": [8.0, 3, 0.0002143339176847762], "K": [46.0, 10, 0.0012358026983069162], "L": [288.0, 4, 0.007716021036651944], "P": [46.0, 1, 0.0006395513017279638], "Y": [8.0, 1, 0.00028508491963897414], "DQB1": [536.0, 35, 0.020024132625227082], "E": [3330.0, 12, 0.09020412969277837], "DMB": [1004.0, 3, 0.037223739532456564], "DRB4": [2.0, 1, 7.331771965746402e-05], "J": [2.0, 1, 5.3632414105596965e-05], "DOA": [58.0, 7, 0.002261749415568701], "G": [2.0, 1, 5.774581459747166e-05]}