{"A": [4814.0, 190, 0.10024916243387681], "B": [4996.0, 261, 0.10489905045098684], "C": [2642.0, 155, 0.05486842593356272], "DMA": [2004.0, 2, 0.05829780163724206], "DMB": [422.0, 4, 0.012183281429981008], "DQA1": [11162.0, 36, 0.3323210146332778], "DQB1": [416.0, 49, 0.012101739262022303], "DRA": [1888.0, 7, 0.05643097602182226], "DRB2": [10.0, 1, 0.0004457174548259452], "DRB3": [34.0, 4, 0.000970562278036721], "E": [7706.0, 16, 0.16254616574113656], "F": [2442.0, 6, 0.053637921101189576], "H": [32.0, 9, 0.0006676001586152113], "K": [52.0, 4, 0.0010878278888322886], "L": [148.0, 2, 0.0030876507335953524], "P": [44.0, 1, 0.0004763605298452289], "Y": [2.0, 1, 5.5498314156725695e-05], "G": [2.0, 1, 4.4966185708104205e-05], "DRB1": [1226.0, 30, 0.034997333908030004], "DOB": [48.0, 4, 0.001333577959615319], "DRB4": [318.0, 2, 0.009077611894578745], "J": [2.0, 1, 4.176311494533514e-05], "DPA1": [2.0, 1, 5.840435614960662e-05], "DOA": [2.0, 1, 6.0731222928475395e-05], "DPB1": [2.0, 1, 5.885535503879276e-05]}