{"A": [5096.0, 183, 0.06599347045145702], "B": [8264.0, 267, 0.10790369509860688], "C": [4830.0, 252, 0.062378323755917287], "DMA": [2932.0, 2, 0.053041440272795864], "DOA": [86.0, 7, 0.0016239676114459438], "DQA1": [21012.0, 56, 0.3890272833565246], "DRA": [4416.0, 7, 0.08208078814448096], "DRB1": [1228.0, 42, 0.021799158999249214], "DRB5": [762.0, 3, 0.013526839704745847], "DRB7": [2.0, 1, 3.568170206351714e-05], "E": [2372.0, 12, 0.03111424669919102], "F": [8658.0, 6, 0.11826078032821677], "H": [22.0, 7, 0.0002854210602106339], "L": [138.0, 3, 0.0017903684685939764], "P": [52.0, 1, 0.00035009291200767146], "Y": [8.0, 1, 0.00013805008031370463], "DQB1": [596.0, 59, 0.010781957163228627], "DMB": [1432.0, 3, 0.02570938717923003], "DPA1": [2.0, 1, 3.63196890735928e-05], "DOB": [134.0, 5, 0.00231514849148208], "DRB4": [636.0, 3, 0.011290118178764252], "K": [32.0, 5, 0.0004162974059597169], "G": [2.0, 1, 2.796294645489003e-05], "DPB1": [4.0, 2, 7.320029998616e-05]}