{"A": [2142.0, 90, 0.094909255502298], "B": [2876.0, 193, 0.1284850039609321], "C": [942.0, 71, 0.04162507452867941], "DMA": [2450.0, 2, 0.15164740345562508], "DRB1": [1850.0, 28, 0.1123648955972506], "DRB3": [80.0, 3, 0.004859022512313539], "F": [4742.0, 5, 0.2216165860646738], "K": [14.0, 2, 0.0006231596346418576], "L": [82.0, 4, 0.0036399443049016642], "P": [14.0, 1, 0.00032249691319296897], "DRA": [1112.0, 7, 0.07071878529391859], "E": [1582.0, 12, 0.0710016820248904], "DMB": [850.0, 3, 0.05221378594552831], "DOB": [58.0, 5, 0.0034286219300890407], "DQB1": [214.0, 23, 0.013245936465103579], "DQA1": [440.0, 17, 0.027872947497392313], "DOA": [16.0, 2, 0.0010337521998308487], "H": [4.0, 2, 0.00017755825877569092], "J": [2.0, 1, 8.886020621833665e-05], "DPB1": [2.0, 1, 0.00012522770374398794]}