{"A": [4122.0, 244, 0.0669171820191046], "B": [9052.0, 262, 0.14816603602460904], "C": [5482.0, 267, 0.08875313629750094], "DMA": [3658.0, 2, 0.08295702168616155], "DQA1": [10772.0, 48, 0.25001560775619475], "DRA": [3174.0, 6, 0.07395669309271295], "DRB1": [3806.0, 14, 0.0846970461630791], "DRB4": [446.0, 3, 0.00992508738537396], "E": [2402.0, 16, 0.03949805565592116], "F": [6418.0, 5, 0.10989577088756365], "H": [10.0, 3, 0.000162637781817382], "K": [60.0, 11, 0.0009785050807237915], "L": [216.0, 3, 0.0035129760872554517], "P": [102.0, 1, 0.0008608713496651879], "Y": [4.0, 1, 8.652961595720906e-05], "DQB1": [794.0, 32, 0.018006526850413415], "G": [2.0, 1, 3.505427903084576e-05], "DMB": [800.0, 3, 0.01800515241129805], "DOB": [100.0, 6, 0.0021658688805814177], "DOA": [38.0, 6, 0.0008995402838154482], "DPB1": [22.0, 4, 0.0005047004112201693]}