{"A": [2640.0, 150, 0.07966434973974977], "B": [4774.0, 273, 0.14525027513843908], "C": [2862.0, 195, 0.08612807472296875], "DMA": [1472.0, 2, 0.06205084396106533], "DOB": [82.0, 5, 0.0033012350386465395], "DQA1": [5996.0, 33, 0.2586799884890973], "DRA": [1480.0, 8, 0.06410069068185927], "DRB1": [1356.0, 41, 0.05609053756446324], "DRB2": [4.0, 1, 0.0002583479709795181], "DRB3": [120.0, 7, 0.004963764386235686], "DRB4": [174.0, 3, 0.007197458360041744], "H": [34.0, 6, 0.0010278524885549167], "K": [36.0, 8, 0.001091301538895183], "L": [114.0, 2, 0.0034463289322135444], "P": [42.0, 1, 0.0006588974174626773], "Y": [2.0, 1, 8.042021184010484e-05], "DPB1": [6.0, 3, 0.000255854264695932], "E": [1304.0, 15, 0.039857562703572554], "F": [4694.0, 5, 0.14940144038761796], "DQB1": [200.0, 20, 0.008430821190362137], "DMB": [654.0, 3, 0.027359930858450218], "DOA": [16.0, 6, 0.0007040239527888063]}