{"A": [2712.0, 157, 0.10892120460527759], "B": [4772.0, 223, 0.19324027457373083], "C": [1272.0, 115, 0.050947735210946796], "DMA": [1594.0, 2, 0.0894315713756465], "DMB": [910.0, 4, 0.05066887962287945], "DQA1": [670.0, 36, 0.03847146045542118], "DRA": [1350.0, 8, 0.07782111052615485], "DRB1": [878.0, 36, 0.048337823375505094], "DRB3": [92.0, 4, 0.005065011105406001], "DRB5": [364.0, 3, 0.020039826547475915], "DRB7": [2.0, 1, 0.00011066155407316039], "H": [10.0, 3, 0.00040235975637002204], "K": [42.0, 9, 0.001694549341740609], "L": [76.0, 2, 0.003057934148412168], "P": [38.0, 1, 0.0007934412468417936], "DQB1": [160.0, 18, 0.008976820213364767], "E": [1152.0, 14, 0.04686496397737444], "F": [5910.0, 4, 0.25035821244197176], "DOB": [38.0, 3, 0.002036145702709439], "J": [2.0, 1, 8.054544164046469e-05], "DOA": [38.0, 4, 0.0022254288357634365], "DPB1": [8.0, 2, 0.0004540399412937392]}