{"A": [7564.0, 198, 0.1869376482903233], "B": [9186.0, 252, 0.2289001915749013], "C": [3490.0, 154, 0.08601727949370154], "DMA": [892.0, 2, 0.030795687443050057], "DOA": [24.0, 6, 0.0008648959437670786], "DOB": [152.0, 7, 0.005011772485814335], "DQA1": [632.0, 23, 0.022330757381454947], "DRB2": [2.0, 1, 0.00010579380208846818], "DRB3": [44.0, 4, 0.0014906227844824619], "E": [2976.0, 14, 0.07449913658802552], "F": [9058.0, 7, 0.2361180466041296], "H": [36.0, 6, 0.0008913320880336818], "K": [46.0, 8, 0.001142050385033702], "L": [366.0, 3, 0.009061876228342432], "P": [178.0, 1, 0.002287039593727837], "Y": [2.0, 1, 6.586434523226235e-05], "DRA": [1278.0, 7, 0.045333266511391496], "DRB1": [896.0, 25, 0.030354500338551953], "DMB": [898.0, 3, 0.030767963373297347], "DQB1": [200.0, 14, 0.006904862655392389], "J": [2.0, 1, 4.956367166336455e-05], "DPB1": [2.0, 1, 6.984841759508903e-05]}