{"A": [11852.0, 181, 0.19561332898570027], "B": [10306.0, 287, 0.1715028730097152], "C": [7600.0, 249, 0.12509369322153607], "DMA": [906.0, 2, 0.020888862587157084], "DOA": [20.0, 4, 0.00048133136309817294], "DQA1": [6632.0, 42, 0.15649210734703864], "DRA": [1868.0, 8, 0.04425115167708121], "DRB1": [562.0, 31, 0.012714899764298591], "DRB5": [262.0, 3, 0.005927586722858062], "E": [4418.0, 15, 0.07385936519890679], "F": [9300.0, 7, 0.16189795401730045], "H": [24.0, 7, 0.0003968348719849536], "K": [32.0, 6, 0.0005305654403116915], "L": [132.0, 3, 0.0021825917959172447], "P": [144.0, 1, 0.0012355994877713324], "Y": [6.0, 2, 0.0001319572268493656], "DQB1": [330.0, 38, 0.007608526107904898], "DMB": [488.0, 3, 0.011166158333933524], "DOB": [72.0, 4, 0.0015854107643821717], "DRB4": [280.0, 2, 0.006334825505344494], "J": [2.0, 1, 3.3099773188394904e-05], "G": [4.0, 2, 7.127679772132238e-05]}