{"A": [7450.0, 207, 0.08514882322726923], "B": [12260.0, 311, 0.14128215417104792], "C": [7260.0, 271, 0.08275114647205557], "DMA": [3130.0, 2, 0.0499742757890748], "DMB": [1412.0, 4, 0.022373515687038298], "DOA": [104.0, 5, 0.0017332574706932142], "DQA1": [17312.0, 66, 0.2828855350996422], "DQB1": [978.0, 75, 0.01561496540629877], "DRA": [7712.0, 7, 0.12651158691970224], "DRB1": [2094.0, 50, 0.03280717830061688], "DRB2": [2.0, 1, 4.892573382186199e-05], "DRB3": [4.0, 1, 6.266891747968839e-05], "DRB5": [1142.0, 5, 0.017891975940451034], "E": [2506.0, 14, 0.029011922064225874], "F": [7908.0, 6, 0.09533242683547791], "H": [38.0, 13, 0.00043510869303073796], "K": [28.0, 6, 0.000321486386375675], "L": [82.0, 2, 0.0009389187586452768], "P": [62.0, 1, 0.0003684024360649012], "Y": [2.0, 1, 3.0459831857542716e-05], "G": [6.0, 3, 7.403805737644603e-05], "J": [2.0, 1, 2.2921371187776438e-05], "DOB": [162.0, 4, 0.002470244249696028], "DRB4": [758.0, 3, 0.01187575986240095], "DPB1": [2.0, 1, 3.230231846926023e-05]}