{"A": [15600.0, 242, 0.2036700269017635], "B": [14424.0, 329, 0.18987277447541134], "C": [10508.0, 283, 0.13681622637152335], "DMA": [1024.0, 2, 0.018675931533164644], "DQA1": [6744.0, 44, 0.12588129559338201], "DRA": [2158.0, 8, 0.04043848416484818], "DRB1": [664.0, 31, 0.011883392062271722], "DRB2": [2.0, 1, 5.588786163296254e-05], "DRB5": [256.0, 3, 0.004581548746899941], "E": [5636.0, 16, 0.0745326503357068], "F": [12208.0, 7, 0.16811197627291116], "H": [14.0, 5, 0.00018311433496712455], "K": [52.0, 10, 0.0006820057625438741], "L": [312.0, 3, 0.0040808337506959185], "P": [208.0, 1, 0.0014118035955690423], "Y": [4.0, 2, 6.958852674201403e-05], "DMB": [424.0, 3, 0.007674419545144538], "DOB": [76.0, 5, 0.0013237885475977788], "DQB1": [264.0, 31, 0.0048148885983940095], "DRB4": [284.0, 3, 0.005082655641092121], "J": [4.0, 1, 5.2366160762940245e-05], "DOA": [4.0, 2, 7.614999473495294e-05], "G": [2.0, 1, 2.8191222239635974e-05]}