{"A": [25502.0, 330, 0.22170031826812617], "B": [25494.0, 416, 0.2234624299436467], "C": [21288.0, 384, 0.18456185980143508], "DMA": [1268.0, 3, 0.015398950494590478], "DOA": [8.0, 3, 0.00010141201828855441], "DOB": [86.0, 8, 0.0009974543560647337], "DQA1": [6122.0, 48, 0.076089813655564], "DRA": [4220.0, 9, 0.052655704907648336], "DRB1": [1210.0, 41, 0.014419402656562202], "DRB2": [2.0, 1, 3.7214059342729766e-05], "DRB5": [344.0, 3, 0.004099400424675535], "E": [8386.0, 18, 0.07384481233648138], "F": [11832.0, 6, 0.10849303209579761], "H": [62.0, 10, 0.0005399773592403572], "K": [72.0, 12, 0.00062879162666197], "L": [348.0, 3, 0.00303084066154265], "P": [314.0, 1, 0.0014191560385998097], "Y": [16.0, 3, 0.00018534769361961523], "DQB1": [536.0, 49, 0.006509335540300075], "G": [14.0, 5, 0.00013140185555530245], "DMB": [632.0, 3, 0.007617041328196007], "DRB4": [340.0, 3, 0.004051732977876982], "DPB1": [2.0, 1, 2.456990018381e-05]}