{"A": [4960.0, 200, 0.08505663588192827], "B": [6570.0, 314, 0.11359686737670086], "C": [6830.0, 219, 0.11680521954652295], "DMA": [3930.0, 2, 0.09414534899027949], "DOB": [92.0, 6, 0.002104829187632008], "DQB1": [1040.0, 49, 0.02491378192109177], "DRA": [5270.0, 7, 0.12971136971994063], "DRB1": [2990.0, 57, 0.07028579113131976], "DRB3": [286.0, 6, 0.006722988716908847], "DRB7": [4.0, 1, 9.449972295134703e-05], "E": [2544.0, 14, 0.04418925605743008], "F": [12012.0, 7, 0.21726684573895047], "H": [36.0, 8, 0.0006184730955565806], "K": [20.0, 5, 0.0003445392460760457], "L": [72.0, 3, 0.0012369461911131612], "P": [64.0, 1, 0.0005705778726683605], "Y": [24.0, 4, 0.0005484195086812397], "G": [2.0, 1, 3.702865250355142e-05], "DQA1": [1536.0, 54, 0.03765813959611179], "DMB": [2214.0, 3, 0.052635808753656255], "DPA1": [2.0, 1, 4.809468658507253e-05], "J": [4.0, 2, 6.878199012988455e-05], "DRB4": [6.0, 1, 0.00014104172133375204], "DOA": [46.0, 5, 0.0011502486198015553], "DPB1": [2.0, 1, 4.846607412627e-05]}