{"A": [5782.0, 212, 0.0889033821620836], "B": [7418.0, 317, 0.11500096515426474], "C": [7074.0, 228, 0.10847265557854359], "DMA": [4120.0, 2, 0.08849468872194115], "DMB": [2072.0, 4, 0.04416793606423568], "DPB1": [2.0, 1, 4.345617656623417e-05], "DRA": [5824.0, 7, 0.128529396139868], "DRB1": [3436.0, 65, 0.07242077616953067], "DRB2": [4.0, 1, 0.0001316391781363117], "DRB3": [256.0, 6, 0.005395727211699608], "DRB5": [4.0, 1, 8.430823768280637e-05], "DRB7": [2.0, 1, 4.236568280045665e-05], "E": [3024.0, 15, 0.047097194813883296], "F": [14710.0, 6, 0.23856376446387595], "H": [48.0, 10, 0.0007393893983641741], "K": [10.0, 3, 0.0001544622561389019], "L": [100.0, 2, 0.0015403945799253628], "P": [30.0, 1, 0.00023981142892019852], "Y": [40.0, 4, 0.000819549737669028], "DQB1": [1006.0, 38, 0.0216081691393866], "G": [6.0, 3, 9.960309496154559e-05], "DQA1": [1522.0, 51, 0.03345769119151636], "DPA1": [2.0, 1, 4.312317904465384e-05], "J": [2.0, 1, 3.083602665932781e-05], "DOB": [154.0, 5, 0.0031591003496734197], "DRB4": [2.0, 1, 4.2154118841403186e-05], "DOA": [32.0, 4, 0.0007174597437867505]}