{"A": [26284.0, 394, 0.18170875012618684], "B": [36556.0, 388, 0.2548106123993266], "C": [19676.0, 203, 0.13565512866777812], "DMA": [3330.0, 3, 0.03215943500280465], "DOB": [178.0, 8, 0.0016417494891145313], "DQA1": [1188.0, 27, 0.0117419964119193], "DRA": [15972.0, 9, 0.15848369536192256], "DRB1": [10558.0, 54, 0.10005432451217308], "DRB2": [22.0, 1, 0.0003255307647229089], "DRB3": [960.0, 7, 0.009097570707680068], "DRB7": [2.0, 1, 1.9048395380729128e-05], "E": [5504.0, 17, 0.038542143651245336], "F": [5676.0, 6, 0.04138837544105272], "H": [48.0, 12, 0.0003324431631775427], "K": [110.0, 11, 0.0007639399922362866], "L": [180.0, 3, 0.0012466618619157849], "P": [112.0, 1, 0.0004025416584435144], "Y": [4.0, 1, 3.6848473588449304e-05], "DPB1": [36.0, 6, 0.0003516966282264351], "DQB1": [1390.0, 35, 0.013423908304474014], "DMB": [1818.0, 3, 0.017424303215483553], "J": [12.0, 2, 8.318669105995131e-05], "DOA": [20.0, 2, 0.00020161449028474257], "G": [14.0, 2, 0.00010449458980244623]}