{"A": [14090.0, 244, 0.21639459712562983], "B": [16504.0, 354, 0.25556365781797663], "C": [6770.0, 214, 0.1036905337330915], "DMA": [1276.0, 2, 0.027375741327892975], "DOA": [64.0, 12, 0.001433252665157893], "DOB": [204.0, 7, 0.0041799211801381055], "DQA1": [696.0, 21, 0.015282196508326618], "DRA": [3146.0, 8, 0.0693481761048572], "DRB2": [6.0, 1, 0.0001972293963567057], "DRB3": [216.0, 6, 0.004547356419370338], "E": [4932.0, 14, 0.07672405464213451], "F": [8756.0, 6, 0.14183806035513108], "G": [2.0, 1, 3.3162464874136356e-05], "H": [60.0, 11, 0.0009231631417061134], "K": [30.0, 10, 0.00046284849190754814], "L": [354.0, 3, 0.00544666253606607], "P": [228.0, 1, 0.0018204497408037979], "Y": [4.0, 1, 8.185977373057445e-05], "DRB1": [2104.0, 32, 0.04429461993682959], "DMB": [980.0, 3, 0.0208659736372833], "J": [12.0, 3, 0.0001848012426136804], "DQB1": [432.0, 14, 0.009268276060854048], "DPB1": [2.0, 1, 4.3405697267691985e-05]}