{"A": [3300.0, 193, 0.1308154220159433], "B": [4654.0, 153, 0.18601409174953273], "C": [2694.0, 158, 0.1065019646349667], "DMA": [714.0, 3, 0.03953875704706728], "DOB": [112.0, 6, 0.005923324620874349], "DRA": [2174.0, 6, 0.12369309358447278], "DRB1": [1240.0, 43, 0.06738085475850154], "DRB2": [2.0, 1, 0.0001696914565225421], "DRB3": [128.0, 4, 0.006955443071845321], "DRB5": [6.0, 1, 0.00032603639399274943], "DRB7": [2.0, 1, 0.00010922423738527489], "H": [40.0, 8, 0.0015885349853296366], "L": [148.0, 3, 0.0058775794457196565], "P": [52.0, 1, 0.0010716593973000314], "Y": [6.0, 2, 0.00031693586357790327], "DQB1": [298.0, 22, 0.016502170308159734], "E": [2134.0, 12, 0.08568651498911475], "F": [4178.0, 4, 0.1746887965634754], "DQA1": [294.0, 31, 0.016662242744559144], "DMB": [512.0, 3, 0.02813792879064698], "K": [26.0, 7, 0.0010353818147747788], "DOA": [16.0, 4, 0.0009248522411268429], "J": [2.0, 1, 7.949928511056082e-05]}