{"A": [13312.0, 304, 0.18240126872634752], "B": [17472.0, 266, 0.2413801913620363], "C": [8226.0, 136, 0.11240568387104259], "DMA": [2454.0, 2, 0.046971983357818464], "DQA1": [852.0, 17, 0.01669034295580186], "DRA": [6712.0, 8, 0.13200105390477573], "DRB1": [4936.0, 46, 0.09271062758013102], "DRB2": [12.0, 1, 0.00035192552480728737], "DRB3": [278.0, 5, 0.005221546691101382], "DRB7": [2.0, 1, 3.7753616525750404e-05], "E": [3728.0, 15, 0.05174084385570757], "F": [5198.0, 5, 0.07512291501660803], "H": [16.0, 6, 0.0002196323530731611], "K": [44.0, 9, 0.0006056467631861918], "L": [128.0, 2, 0.0017570588245852889], "P": [48.0, 1, 0.00034192764057980763], "Y": [12.0, 1, 0.00021909926483754664], "DQB1": [652.0, 17, 0.012479923858719492], "G": [16.0, 4, 0.00023669327332171542], "DMB": [1250.0, 3, 0.02374497504026442], "J": [14.0, 2, 0.00019235381424398312], "DOB": [126.0, 5, 0.002303337593407598], "DRB5": [4.0, 1, 7.513016821728607e-05], "DOA": [22.0, 3, 0.00043955638257802624], "DPB1": [18.0, 4, 0.0003485285602821205]}