{"A": [6470.0, 219, 0.1503261713295789], "B": [11098.0, 315, 0.2599857212930772], "C": [3176.0, 209, 0.07359119085455983], "DMA": [1560.0, 2, 0.05063312220957346], "DOB": [128.0, 8, 0.0039677362053001574], "DQA1": [744.0, 28, 0.02471407563618724], "DRB1": [3030.0, 46, 0.09650343416232592], "DRB2": [6.0, 1, 0.00029837782318731997], "DRB3": [70.0, 4, 0.002229452274377166], "E": [4240.0, 16, 0.09978591186519119], "F": [4160.0, 6, 0.10194718938642264], "H": [22.0, 5, 0.0005120882166198439], "K": [62.0, 7, 0.0014471187929697925], "L": [224.0, 3, 0.0052139891146747745], "P": [144.0, 1, 0.0017394070828988086], "Y": [4.0, 1, 0.00012384128098308667], "DRA": [2286.0, 6, 0.07623377866069446], "DMB": [1242.0, 3, 0.040006362906672595], "DQB1": [288.0, 25, 0.009347653330998178], "DPA1": [6.0, 1, 0.00019548891863996828], "DOA": [30.0, 5, 0.0010163866088651738], "G": [2.0, 1, 5.016972248282372e-05], "DPB1": [4.0, 1, 0.00013133232371951537]}