{"A": [12332.0, 239, 0.1721235107457241], "B": [15996.0, 266, 0.2251088324284396], "C": [6680.0, 141, 0.09298184580644095], "DMA": [2314.0, 2, 0.045117998793807595], "DQA1": [1108.0, 23, 0.02210993979892632], "DRA": [5166.0, 9, 0.10349085773455392], "DRB1": [5206.0, 42, 0.09960489165572098], "DRB2": [4.0, 1, 0.00011949552617909385], "DRB3": [318.0, 6, 0.006084201987422065], "DRB5": [10.0, 2, 0.00019132710652270643], "E": [5228.0, 16, 0.07391206166360408], "H": [10.0, 4, 0.00013982939080719694], "K": [62.0, 8, 0.0008693217533513859], "L": [262.0, 3, 0.0036635300391485606], "P": [92.0, 1, 0.0006675794097476934], "Y": [10.0, 1, 0.00018598666544258235], "DQB1": [528.0, 18, 0.010294858843185139], "F": [7006.0, 5, 0.10314030781429041], "DMB": [1904.0, 3, 0.03684264336694516], "J": [2.0, 1, 2.7991417776198696e-05], "DOB": [146.0, 5, 0.0027187047143869296], "DOA": [20.0, 2, 0.00040704651347858663], "DPB1": [10.0, 4, 0.00019723682409869737]}