{"A": [8400.0, 181, 0.2072432092179618], "B": [8632.0, 239, 0.21472712770589575], "C": [2742.0, 154, 0.06746577201287414], "DMA": [1104.0, 2, 0.03804958201083539], "DOA": [46.0, 4, 0.0016548788988776347], "DOB": [92.0, 6, 0.0030282474139850762], "DQA1": [618.0, 16, 0.02179870117494064], "DRA": [1076.0, 8, 0.038102563810168466], "DRB2": [6.0, 1, 0.00031683798902996664], "DRB3": [86.0, 6, 0.0029085015397469975], "F": [9066.0, 7, 0.2359219494050485], "H": [52.0, 12, 0.0012852752730175472], "K": [16.0, 4, 0.00039655477492497204], "L": [442.0, 4, 0.010924839820649151], "P": [118.0, 1, 0.0015135314731644573], "DRB1": [1154.0, 20, 0.0390280322891632], "E": [3234.0, 12, 0.08081911608183487], "DMB": [790.0, 3, 0.027021239859885228], "J": [2.0, 1, 4.947880924577562e-05], "DQB1": [214.0, 15, 0.007375553034709033], "G": [6.0, 2, 0.00015982093251954072], "DPB1": [6.0, 2, 0.00020918647152171546]}