{"A": [3228.0, 182, 0.10866107443372702], "B": [6948.0, 260, 0.2358167985452582], "C": [3038.0, 190, 0.1019866342792937], "DMA": [448.0, 2, 0.0210667856786862], "DMB": [1174.0, 4, 0.054788034981531814], "DOB": [34.0, 4, 0.0015269397144517284], "DQA1": [224.0, 20, 0.010780269234015205], "DRA": [1012.0, 5, 0.048894711326939545], "DRB1": [1036.0, 31, 0.0478046395995281], "DRB3": [30.0, 3, 0.0013843042355075703], "E": [5638.0, 14, 0.19223771620889105], "F": [4064.0, 7, 0.1442931714023476], "H": [12.0, 5, 0.0004046816396502058], "K": [30.0, 6, 0.0010144809630755387], "L": [176.0, 2, 0.005935330714869684], "P": [160.0, 1, 0.00280006993091304], "Y": [4.0, 1, 0.00017942195673811712], "DQB1": [426.0, 30, 0.020032256024822146], "DOA": [8.0, 3, 0.00039267912975354184]}