{"A": [2338.0, 145, 0.06557928558085932], "B": [5434.0, 270, 0.15367961674264052], "C": [2578.0, 209, 0.07211408683362973], "DMA": [1812.0, 2, 0.07100029640219221], "DOB": [112.0, 6, 0.004191241656727383], "DQA1": [7142.0, 35, 0.2864066781977952], "DRA": [1184.0, 8, 0.04766666655051561], "DRB1": [1258.0, 35, 0.048369615987004955], "DRB3": [102.0, 7, 0.003921860755703104], "DRB4": [190.0, 3, 0.007305426897878331], "K": [20.0, 4, 0.0005635524577647752], "L": [98.0, 2, 0.0027538484471266484], "P": [58.0, 1, 0.0008457823036822955], "DQB1": [222.0, 21, 0.00869871181086461], "E": [1824.0, 15, 0.051822703573731754], "F": [4904.0, 5, 0.1450855787414099], "DMB": [708.0, 3, 0.027531672230209893], "DPA1": [2.0, 1, 7.866702890637284e-05], "DOA": [36.0, 3, 0.0014724211227176876], "J": [2.0, 1, 5.625231382072139e-05], "H": [22.0, 3, 0.0006182108758855741], "DPB1": [6.0, 2, 0.00023782348893316575]}