{"A": [4024.0, 178, 0.0785871069582394], "B": [7230.0, 248, 0.14236593571542777], "C": [3800.0, 215, 0.07401026291672265], "DMA": [1434.0, 2, 0.03912211043319302], "DOA": [56.0, 4, 0.0015947357134247055], "DOB": [72.0, 6, 0.0018759805467591093], "DQA1": [11412.0, 50, 0.3186370057451372], "DRA": [3094.0, 7, 0.08672704388174689], "DRB1": [918.0, 36, 0.024575696469762823], "DRB5": [582.0, 3, 0.015580670310895385], "DRB7": [2.0, 1, 5.3810539174081516e-05], "E": [1766.0, 13, 0.0349347054928958], "F": [6254.0, 6, 0.12882579071074954], "H": [12.0, 4, 0.00023478284519202358], "K": [28.0, 8, 0.0005493302800589218], "L": [110.0, 3, 0.002152176080926883], "P": [48.0, 1, 0.00048735226956526104], "Y": [6.0, 1, 0.00015614198927819042], "DQB1": [390.0, 47, 0.010639904511119439], "DMB": [1088.0, 3, 0.029457737182611334], "J": [2.0, 1, 3.916620979154609e-05], "DRB4": [342.0, 3, 0.009155651625990071], "G": [6.0, 1, 0.0001265103236629586], "DPB1": [4.0, 2, 0.00011039124767501408]}