{"A": [2936.0, 173, 0.1098528538790435], "B": [3208.0, 223, 0.1210219406280669], "C": [1650.0, 139, 0.061567888299670324], "DMA": [1106.0, 2, 0.05780830209718433], "DMB": [300.0, 4, 0.015561580582630172], "DOA": [4.0, 1, 0.00021823411813090917], "DQA1": [5514.0, 30, 0.29496003395589077], "DQB1": [212.0, 24, 0.011080795700364448], "DRA": [810.0, 8, 0.04349919466391681], "DRB1": [564.0, 28, 0.028927054961689166], "DRB2": [8.0, 1, 0.0006406639023492188], "DRB3": [8.0, 2, 0.0004103128363360165], "E": [4682.0, 15, 0.1774433630627201], "F": [1586.0, 5, 0.06259074002180195], "H": [6.0, 3, 0.00022490459528180833], "L": [62.0, 3, 0.0023240141512453527], "P": [94.0, 1, 0.0018284857184590452], "Y": [2.0, 1, 9.971498237413507e-05], "DOB": [12.0, 3, 0.0005990168564492392], "DRB4": [166.0, 1, 0.008513991353972343], "K": [22.0, 5, 0.0008269136324237516]}