{"A": [3368.0, 166, 0.12269926723072458], "B": [5178.0, 232, 0.19019819570170493], "C": [1572.0, 129, 0.057113325609625974], "DMA": [1766.0, 2, 0.08987530549104074], "DMB": [1102.0, 4, 0.05565813364948018], "DQA1": [588.0, 35, 0.03062586278738979], "DRA": [1634.0, 8, 0.0854403155089789], "DRB1": [948.0, 36, 0.04734215768647643], "DRB3": [152.0, 3, 0.007590725705004658], "DRB5": [292.0, 3, 0.01458218359119316], "F": [6012.0, 5, 0.23101515365873462], "H": [8.0, 2, 0.00029197902851079197], "K": [50.0, 7, 0.0018298777175653478], "L": [80.0, 2, 0.0029197902851079193], "P": [42.0, 1, 0.0007954769555166178], "Y": [2.0, 1, 9.709011384946236e-05], "DQB1": [180.0, 17, 0.009160563413582862], "E": [1376.0, 12, 0.05077633821275499], "DOB": [6.0, 2, 0.0002916242544785796], "DOA": [30.0, 5, 0.001593670394660498], "DPB1": [2.0, 1, 0.00010296300361899227]}