{"A": [2076.0, 146, 0.05441013988264575], "B": [3978.0, 188, 0.10512154432111222], "C": [2134.0, 162, 0.055777870478363294], "DMA": [2440.0, 2, 0.08933509707599384], "DMB": [972.0, 4, 0.03531798491331485], "DQA1": [806.0, 31, 0.030201509861250916], "DRA": [946.0, 8, 0.03558643921645648], "DRB1": [1714.0, 39, 0.06157907130490944], "DRB2": [2.0, 1, 0.00011219343990945443], "DRB3": [130.0, 8, 0.004670524661399199], "F": [16526.0, 6, 0.45684813074692093], "H": [38.0, 8, 0.0009977641047422012], "K": [26.0, 8, 0.000684554483765921], "L": [82.0, 2, 0.002153069910233171], "P": [50.0, 1, 0.0006812882892228945], "E": [1918.0, 14, 0.0509183303062127], "DQB1": [268.0, 20, 0.009812215580478012], "DOB": [122.0, 5, 0.00426594084457662], "DOA": [38.0, 5, 0.001452256917393695], "DPB1": [2.0, 1, 7.40736610985201e-05]}