{"A": [4042.0, 165, 0.11203347251590633], "B": [5314.0, 225, 0.14850719613447683], "C": [2536.0, 192, 0.07009963529124294], "DMA": [2796.0, 2, 0.10826010631738643], "DOA": [52.0, 8, 0.0021016587277044507], "DOB": [10.0, 4, 0.00036978900410352636], "DRA": [2622.0, 8, 0.10430979224693127], "DRB1": [1580.0, 52, 0.06003138996204488], "DRB2": [2.0, 1, 0.0001186496492698644], "DRB3": [214.0, 6, 0.00813083383030228], "DRB5": [770.0, 3, 0.029255803968844658], "F": [7766.0, 8, 0.22703901028139792], "H": [24.0, 6, 0.0006664299643296399], "L": [96.0, 3, 0.0026657198573185594], "P": [40.0, 1, 0.0005763946029871254], "V": [2.0, 1, 0.00011773166358885966], "DQB1": [422.0, 40, 0.016339687004984647], "E": [1628.0, 14, 0.04570660317473111], "DQA1": [818.0, 28, 0.032414991485488466], "DMB": [766.0, 3, 0.029434551059209203], "K": [24.0, 4, 0.0006682591408099591], "DPB1": [28.0, 6, 0.0010967075689268548], "J": [2.0, 1, 5.558654801410086e-05]}