{"A": [5300.0, 294, 0.06990444074606121], "B": [12446.0, 290, 0.1655133972900488], "C": [6566.0, 295, 0.08636639566374042], "DMA": [3626.0, 2, 0.06680923360589786], "DQA1": [13770.0, 54, 0.25965934445814726], "DRA": [4168.0, 5, 0.07890372586372729], "DRB1": [3990.0, 19, 0.07213924881570422], "DRB2": [6.0, 1, 0.00016938116724964184], "DRB4": [454.0, 3, 0.0082083255544686], "E": [3106.0, 17, 0.041495729629443395], "F": [7866.0, 7, 0.10942950851640335], "H": [24.0, 8, 0.0003171260540111908], "K": [22.0, 5, 0.000291496775477197], "L": [144.0, 2, 0.0019027563240671447], "P": [78.0, 1, 0.0005348499073806163], "Y": [2.0, 1, 3.515070339768053e-05], "DQB1": [928.0, 31, 0.01709844699014705], "DMB": [976.0, 3, 0.017846615712939537], "DOB": [128.0, 3, 0.0022523784864885545], "J": [2.0, 1, 2.6451305570492017e-05], "DOA": [40.0, 8, 0.0007693009189824371], "DPB1": [16.0, 5, 0.00029821549137388684], "G": [2.0, 1, 2.8480019272063676e-05]}