{"A": [3458.0, 171, 0.10709880731281787], "B": [4190.0, 221, 0.13084228766966585], "C": [2008.0, 196, 0.06202094441258876], "DMA": [3026.0, 2, 0.1309207134246319], "DMB": [780.0, 4, 0.03349125382475337], "DOA": [26.0, 8, 0.0011741953532184448], "DOB": [84.0, 8, 0.0034708946855674864], "DRA": [2000.0, 8, 0.08890589250613264], "DRB1": [1306.0, 50, 0.05544630970284148], "DRB2": [2.0, 1, 0.00013257896250914514], "DRB3": [170.0, 5, 0.007217360374795598], "DRB5": [594.0, 3, 0.025218306250756387], "E": [1392.0, 16, 0.0436688684556875], "F": [7480.0, 6, 0.24435028727117777], "H": [56.0, 7, 0.0017375585925924826], "K": [40.0, 8, 0.001244519812757392], "L": [74.0, 2, 0.0022960595687829236], "P": [26.0, 1, 0.00041864067280941714], "DQB1": [376.0, 40, 0.016267742315816788], "DQA1": [958.0, 24, 0.04241957125063113], "DPA1": [2.0, 1, 8.6862078885302e-05], "DRB4": [4.0, 1, 0.0001698202441128376], "DPB1": [32.0, 6, 0.001400525256467263]}