{"A": [7624.0, 211, 0.09777903320139225], "B": [6654.0, 255, 0.08604390420474255], "C": [11734.0, 352, 0.15008039228771328], "DMA": [1484.0, 3, 0.026587441431005842], "DQA1": [5972.0, 35, 0.10950243340213138], "DRA": [4354.0, 8, 0.08014790612953081], "DRB1": [2598.0, 32, 0.04567429178021576], "DRB3": [204.0, 6, 0.0035864339965989284], "E": [6024.0, 17, 0.07825658144673443], "F": [19354.0, 5, 0.26180937776511415], "H": [22.0, 10, 0.0002826684373124477], "K": [88.0, 12, 0.0011337771538680427], "L": [268.0, 3, 0.003443415509078909], "P": [336.0, 1, 0.002240322573410226], "Y": [78.0, 5, 0.0013330074673966533], "V": [2.0, 1, 5.447592883672282e-05], "DQB1": [778.0, 24, 0.013938699079058318], "DMB": [1448.0, 3, 0.025745929256333393], "J": [18.0, 4, 0.00023148538527604682], "DOB": [130.0, 8, 0.0022243786009211062], "DRB4": [432.0, 3, 0.007594801404562436], "DOA": [122.0, 10, 0.0022815502891417364], "G": [2.0, 1, 2.769326962496136e-05]}