{"A": [5358.0, 182, 0.07733555849059255], "B": [5222.0, 217, 0.07599549441079942], "C": [8700.0, 301, 0.1252306949631175], "DMA": [1744.0, 3, 0.035164365995329225], "DQA1": [7950.0, 38, 0.16405322250320573], "DRA": [3278.0, 9, 0.06790884923989154], "DRB1": [2402.0, 26, 0.047524695619104065], "DRB3": [180.0, 5, 0.003561384351140188], "E": [4552.0, 15, 0.06655057746350194], "F": [18144.0, 6, 0.27622384401396705], "H": [16.0, 7, 0.0002313600052930487], "K": [56.0, 13, 0.0008119825986314134], "L": [258.0, 3, 0.0037306800853504104], "P": [210.0, 1, 0.0015758113996877394], "Y": [84.0, 4, 0.0016155891631750028], "DQB1": [578.0, 23, 0.011654245152121727], "DMB": [1476.0, 3, 0.02953520794843306], "DOB": [126.0, 7, 0.0024263283179639166], "DRB5": [2.0, 1, 3.9570937234890976e-05], "DRB4": [398.0, 2, 0.007874616509743304], "DOA": [42.0, 7, 0.0008839611357610905], "G": [2.0, 1, 3.1166490388542456e-05], "DPB1": [2.0, 1, 4.079320556647062e-05]}