{"A": [9634.0, 205, 0.19731787556012315], "B": [10902.0, 272, 0.22513365755364387], "C": [3868.0, 156, 0.0790062185006552], "DMA": [1138.0, 2, 0.03255980873789702], "DOA": [30.0, 8, 0.0008959595595819553], "DQA1": [772.0, 18, 0.02260571299209826], "DRA": [1398.0, 7, 0.04109678660629921], "DRB1": [1494.0, 28, 0.041945001134316574], "DRB2": [8.0, 1, 0.00035069918043675755], "DRB3": [112.0, 6, 0.0031444713032419387], "E": [3812.0, 12, 0.07908347399656179], "F": [10680.0, 7, 0.23071862364843], "H": [40.0, 8, 0.0008207512753834699], "K": [52.0, 6, 0.0010699052307103093], "L": [362.0, 2, 0.007427799042220404], "P": [152.0, 1, 0.0016184966438054337], "Y": [2.0, 1, 5.45839440424929e-05], "DMB": [900.0, 3, 0.025555210165348955], "DPA1": [2.0, 1, 5.7442107140503395e-05], "J": [2.0, 1, 4.107504099635996e-05], "DOB": [90.0, 6, 0.0024592620232024754], "DRB5": [6.0, 1, 0.00016845381981653242], "DQB1": [234.0, 13, 0.006695074907441039], "DPB1": [6.0, 1, 0.00017365702660623227]}