{"A": [9514.0, 289, 0.16130563187899843], "B": [13836.0, 340, 0.2365219208636375], "C": [8588.0, 289, 0.14520896856063625], "DMA": [940.0, 2, 0.022263530318377984], "DMB": [914.0, 4, 0.021483732584950593], "DQA1": [480.0, 30, 0.011635063052024665], "DRA": [4282.0, 5, 0.10420149540134821], "DRB1": [3946.0, 47, 0.091709281005322], "DRB2": [14.0, 1, 0.0005080417395036111], "DRB3": [126.0, 5, 0.002928375419835421], "E": [6036.0, 17, 0.10365939569301974], "F": [2982.0, 7, 0.05332681348109518], "G": [6.0, 2, 0.00010982950373592604], "H": [20.0, 6, 0.000339709870132107], "K": [32.0, 6, 0.0005450276562339093], "L": [254.0, 2, 0.0043143153506777585], "P": [276.0, 1, 0.002432785910877884], "Y": [2.0, 1, 4.518471088164918e-05], "DQB1": [1530.0, 45, 0.03623744828416842], "DOB": [26.0, 5, 0.000588114973225062], "DRB4": [4.0, 1, 9.296429904239432e-05], "DOA": [20.0, 4, 0.0004944515506836512], "DPB1": [2.0, 1, 4.7917891591349966e-05]}