{"A": [1970.0, 143, 0.056647381083677534], "B": [4210.0, 198, 0.1220591008608401], "C": [2178.0, 165, 0.06245777470793701], "DMA": [2112.0, 2, 0.08483739372773678], "DMB": [1134.0, 4, 0.04520680594234322], "DRA": [910.0, 8, 0.03755743354977534], "DRB1": [1374.0, 40, 0.054158941403608614], "DRB3": [106.0, 7, 0.004178200719637927], "F": [14418.0, 6, 0.4372907008733208], "H": [8.0, 3, 0.00023045990748037323], "K": [18.0, 6, 0.0005199580346263498], "L": [122.0, 3, 0.0035145135890756922], "P": [76.0, 1, 0.0011361498847943402], "G": [2.0, 1, 6.209047654830116e-05], "E": [1730.0, 14, 0.05038865560140522], "DQA1": [596.0, 29, 0.024501969226025308], "DQB1": [254.0, 22, 0.01020298201081683], "DOB": [42.0, 4, 0.0016112591830401795], "DOA": [82.0, 5, 0.00343822921731011]}