{"A": [4890.0, 153, 0.08314028964142074], "B": [3830.0, 203, 0.06565622494524202], "C": [7020.0, 272, 0.11902955427107265], "DMA": [1710.0, 3, 0.04061426315972742], "DQA1": [5244.0, 33, 0.1274695571877695], "DRA": [1970.0, 8, 0.048073949747188885], "DRB1": [1686.0, 24, 0.0392943463085019], "DRB3": [78.0, 4, 0.0018178879075107643], "F": [17812.0, 6, 0.31942357873684046], "H": [14.0, 5, 0.00023846381942290977], "K": [22.0, 5, 0.0003757573921007189], "L": [152.0, 3, 0.002589035753734449], "P": [248.0, 1, 0.002192112210149562], "Y": [56.0, 5, 0.0012687201266383937], "DQB1": [492.0, 17, 0.01168550729507947], "E": [4750.0, 14, 0.08180302081679416], "DMB": [1726.0, 3, 0.04068371693245317], "DOB": [230.0, 7, 0.005217146294057203], "DRB4": [302.0, 2, 0.007038489077798087], "J": [2.0, 1, 3.4097370657209273e-05], "DOA": [92.0, 12, 0.0022808559893806525], "G": [4.0, 2, 7.342501645947721e-05]}