{"A": [5346.0, 196, 0.14505719481409088], "B": [8942.0, 275, 0.24463548122078957], "C": [2682.0, 193, 0.0725745104266244], "DMA": [1482.0, 2, 0.05617438389657149], "DOA": [46.0, 5, 0.0018200172984754093], "DQA1": [816.0, 26, 0.031654947605684394], "DRB1": [2574.0, 39, 0.09573895587813072], "DRB2": [10.0, 1, 0.0005807581260072816], "DRB3": [104.0, 5, 0.0038682406415406355], "DRB7": [2.0, 1, 7.476258937057352e-05], "F": [3412.0, 6, 0.09764970897268024], "H": [4.0, 2, 0.00010873318198603483], "K": [26.0, 6, 0.0007087055704194989], "L": [182.0, 3, 0.004947359780364585], "P": [108.0, 1, 0.0015235001521452384], "DRA": [2110.0, 7, 0.08217385860575972], "DQB1": [194.0, 21, 0.0073534618596051765], "E": [3678.0, 15, 0.1010869522845298], "DMB": [1274.0, 3, 0.04792442453908725], "DOB": [120.0, 5, 0.004344042556137091]}