{"A": [5696.0, 172, 0.09163490922730519], "B": [4918.0, 219, 0.0797726387616454], "C": [8228.0, 297, 0.1320080079728734], "DMA": [1430.0, 3, 0.03213710893367449], "DQA1": [5578.0, 35, 0.12829525768027072], "DRA": [2568.0, 9, 0.05929620481096704], "DRB1": [1684.0, 28, 0.03713666367672049], "DRB3": [158.0, 7, 0.0034843188010224694], "E": [4764.0, 15, 0.0776311078823445], "F": [17612.0, 5, 0.29884862414189], "H": [16.0, 5, 0.0002578711410532198], "K": [68.0, 10, 0.0010989604529056704], "L": [162.0, 3, 0.0026109453031638507], "P": [252.0, 1, 0.002107657025028731], "Y": [76.0, 4, 0.001629219854760998], "DQB1": [472.0, 20, 0.010607493298387663], "DMB": [1336.0, 3, 0.029797140586649572], "J": [14.0, 2, 0.00022584330983565096], "DOB": [124.0, 7, 0.002661430707297751], "DRB4": [342.0, 3, 0.007542006518668889], "DPA1": [2.0, 1, 4.511921625069108e-05], "DOA": [48.0, 6, 0.0011260030700969278], "DPB1": [2.0, 1, 4.546762718698985e-05]}