{"A": [2380.0, 151, 0.09861294710761606], "B": [5218.0, 226, 0.21798947036919217], "C": [1246.0, 109, 0.0514861057714936], "DMA": [1300.0, 2, 0.07524542984444757], "DMB": [900.0, 4, 0.05169834602948933], "DQB1": [106.0, 16, 0.0061353965873164945], "DRA": [1096.0, 7, 0.06517911212878674], "DRB3": [56.0, 5, 0.003180642312525885], "DRB5": [298.0, 3, 0.016925560877369888], "H": [12.0, 3, 0.0004981154507950796], "K": [44.0, 9, 0.0018314363753539128], "L": [64.0, 2, 0.002656615737573758], "P": [44.0, 1, 0.0009478030105406376], "DRB1": [684.0, 38, 0.03884927396013759], "E": [1410.0, 15, 0.05917648316733427], "F": [6240.0, 5, 0.27270505064085665], "DQA1": [494.0, 33, 0.029263417950442183], "DOB": [62.0, 5, 0.003427292538722889], "J": [2.0, 1, 8.309505845835727e-05], "DOA": [68.0, 7, 0.004108405081546669]}