{"A": [2624.0, 160, 0.06914006077260684], "B": [5812.0, 270, 0.15440664700812493], "C": [2988.0, 214, 0.07851661001924078], "DMA": [1722.0, 2, 0.0633838868199256], "DOB": [82.0, 5, 0.002882586069574814], "DQA1": [7762.0, 33, 0.2924022328869519], "DRA": [1438.0, 8, 0.054383320039916846], "DRB1": [1396.0, 39, 0.050422127767471465], "DRB3": [78.0, 7, 0.00281728221050342], "DRB4": [196.0, 2, 0.007079324528957312], "K": [30.0, 5, 0.0007940893274027867], "L": [84.0, 1, 0.002217364030641869], "P": [26.0, 1, 0.0003561620976346653], "V": [2.0, 1, 0.00011192000449403558], "E": [1588.0, 14, 0.04238278413726256], "F": [5492.0, 5, 0.15263286822296004], "DQB1": [218.0, 17, 0.008024208668260034], "DMB": [482.0, 3, 0.017607192929221402], "DOA": [4.0, 1, 0.00015368563698118563], "H": [8.0, 3, 0.00021117752672779707], "DPB1": [2.0, 1, 7.446929513953204e-05]}