{"A": [1552.0, 89, 0.07232912884050735], "B": [3348.0, 190, 0.15731909053462484], "C": [880.0, 63, 0.0408996141340884], "DMA": [2138.0, 2, 0.13919031328875747], "DRB1": [1608.0, 28, 0.10272529233330946], "DRB3": [28.0, 2, 0.001788748871475538], "DRB7": [4.0, 1, 0.0002568180401598684], "E": [1138.0, 13, 0.05372010308404945], "F": [5368.0, 4, 0.2638673376426043], "H": [16.0, 4, 0.0007470218175453106], "K": [26.0, 2, 0.0012172423211785895], "L": [102.0, 2, 0.0047622640868513555], "P": [30.0, 1, 0.0007268607173558775], "DRA": [904.0, 6, 0.06046873075774616], "DQB1": [158.0, 15, 0.01028628133752277], "DMB": [962.0, 3, 0.06215466756412038], "DOB": [102.0, 5, 0.006341970156973372], "DQA1": [274.0, 13, 0.01825631835092179], "DOA": [36.0, 3, 0.0024464220478973915], "G": [2.0, 1, 0.0001006312576240979], "DPB1": [6.0, 2, 0.00039514281468612956]}