{"A": [4746.0, 181, 0.08501076999436563], "B": [6296.0, 302, 0.11370652722242337], "C": [5992.0, 202, 0.10703678151059286], "DMA": [3508.0, 2, 0.08777798250139603], "DRA": [4876.0, 7, 0.12535764301353033], "DRB1": [2816.0, 55, 0.06914307507470348], "DRB3": [248.0, 10, 0.006089304907147181], "E": [2758.0, 14, 0.05003956616051457], "F": [12316.0, 6, 0.23268452816916183], "H": [14.0, 4, 0.00025122684111118326], "K": [28.0, 7, 0.0005038327865651543], "L": [98.0, 3, 0.0017585878877782828], "P": [76.0, 1, 0.0007077310253381061], "Y": [52.0, 3, 0.0012411511900666224], "DQB1": [998.0, 41, 0.02497218544366968], "DQA1": [1432.0, 53, 0.03667164181291396], "DMB": [2148.0, 3, 0.05334056990969304], "DOB": [108.0, 6, 0.002580907718160783], "DOA": [30.0, 3, 0.000783564649567037], "G": [2.0, 1, 3.867742911333851e-05], "DPB1": [12.0, 5, 0.00030374475218737656]}