{"A": [8032.0, 305, 0.0775256139592128], "B": [15402.0, 319, 0.14989014989255275], "C": [10666.0, 307, 0.10266871229216672], "DMA": [4906.0, 2, 0.06614984827992736], "DQA1": [15370.0, 54, 0.21209796520871338], "DRA": [8310.0, 7, 0.11512335649186946], "DRB1": [7318.0, 22, 0.09682416127670407], "DRB2": [4.0, 1, 8.263546605703466e-05], "DRB3": [2.0, 1, 2.6461918905904364e-05], "DRB4": [670.0, 3, 0.008864742833477962], "DRB7": [2.0, 1, 2.659472652902057e-05], "E": [3536.0, 16, 0.03457059296414831], "F": [8368.0, 6, 0.08519121194096578], "H": [32.0, 8, 0.0003094306137756116], "K": [38.0, 7, 0.00036845740515000777], "L": [156.0, 3, 0.0015084742421561065], "P": [82.0, 1, 0.00041147532139621456], "Y": [6.0, 1, 7.716989214913615e-05], "DQB1": [1896.0, 48, 0.025564637655675147], "DMB": [1486.0, 3, 0.019884628539667475], "DPA1": [6.0, 2, 8.121071664225821e-05], "DOB": [158.0, 6, 0.0020346096797651545], "DPB1": [12.0, 3, 0.00016367565284655902], "J": [2.0, 1, 1.9357074925688945e-05], "DOA": [38.0, 3, 0.0005348259546201307]}