{"A": [3314.0, 197, 0.0724492854935069], "B": [5350.0, 254, 0.11792607530689227], "C": [1944.0, 150, 0.042383116154709966], "DMA": [1400.0, 2, 0.042755248249242095], "DMB": [538.0, 4, 0.016305759665097858], "DOB": [60.0, 7, 0.0017499891576412577], "DQA1": [14498.0, 46, 0.45313834918746687], "DQB1": [318.0, 31, 0.00971154924518499], "DRA": [1066.0, 8, 0.033448736117723595], "DRB1": [1028.0, 39, 0.03080665474172785], "DRB2": [4.0, 1, 0.00018716583193486097], "DRB3": [20.0, 4, 0.0005993512595666896], "E": [5626.0, 17, 0.12458173889502208], "F": [1792.0, 7, 0.041321037616328035], "H": [20.0, 3, 0.00043802952455558245], "K": [50.0, 6, 0.0010980795034604722], "L": [110.0, 3, 0.0024091623850557038], "P": [132.0, 1, 0.0015002511216028699], "Y": [10.0, 1, 0.0002913108973986155], "DRB4": [220.0, 2, 0.006592863855233586], "J": [6.0, 1, 0.00013152886545559408], "DOA": [4.0, 1, 0.00012751138350940728], "G": [2.0, 1, 4.720554168268618e-05]}