{"A": [1650.0, 92, 0.081169166626956], "B": [2882.0, 170, 0.142947175871296], "C": [882.0, 84, 0.043270383976849014], "DMA": [2074.0, 2, 0.14252652250718548], "DRB1": [1432.0, 24, 0.09656505336326675], "DRB3": [62.0, 3, 0.004180889181929146], "E": [1056.0, 13, 0.05261918521410934], "F": [5104.0, 4, 0.26483136509618016], "K": [30.0, 4, 0.0014825541870813889], "L": [90.0, 2, 0.004435488302408645], "P": [16.0, 1, 0.00040919993092928235], "DRA": [742.0, 7, 0.05239042880384004], "DMB": [902.0, 3, 0.06151638961636878], "DOB": [124.0, 3, 0.008138255734447744], "DQB1": [152.0, 15, 0.01044553106127878], "DRB4": [2.0, 1, 0.00013486739296545637], "DQA1": [448.0, 17, 0.031508394681554745], "DPA1": [2.0, 1, 0.00013796779280374273], "DOA": [18.0, 4, 0.0012911806585497675]}