{"A": [5886.0, 181, 0.07181336497665795], "B": [10194.0, 285, 0.1254018977568151], "C": [5686.0, 259, 0.06918419559836875], "DMA": [2904.0, 2, 0.04949501103183812], "DOA": [42.0, 6, 0.0007472082762535898], "DQA1": [19890.0, 58, 0.34694523123936566], "DRA": [5256.0, 5, 0.0920409898876943], "DRB1": [1764.0, 43, 0.029502133514102413], "DRB5": [778.0, 3, 0.013011711946695963], "DRB7": [4.0, 1, 6.723401231032481e-05], "E": [2382.0, 13, 0.02943742610852984], "H": [26.0, 10, 0.0003177972634795964], "K": [46.0, 10, 0.0005637999449499378], "L": [116.0, 2, 0.0014178647139858917], "P": [84.0, 1, 0.000532810446987645], "Y": [18.0, 1, 0.0002926393023676941], "DQB1": [714.0, 59, 0.012169227918984992], "F": [9154.0, 5, 0.11780060963134115], "DMB": [1712.0, 3, 0.028957824928344394], "DPA1": [2.0, 1, 3.421807650787285e-05], "DOB": [50.0, 5, 0.0008138746629910217], "DRB4": [560.0, 2, 0.009365756671143624], "G": [4.0, 2, 5.268978152539713e-05], "DPB1": [2.0, 1, 3.4482308758898887e-05]}