{"A": [5010.0, 212, 0.1500168009576517], "B": [8078.0, 276, 0.24388241304594296], "C": [2534.0, 197, 0.07567001253480414], "DMA": [1326.0, 2, 0.05546582695187007], "DOB": [100.0, 6, 0.00399488865407706], "DQA1": [622.0, 26, 0.026627701449921506], "DRA": [1860.0, 8, 0.07993850527958277], "DRB1": [2502.0, 48, 0.1026973656989783], "DRB2": [10.0, 1, 0.0006408953922622651], "DRB3": [90.0, 4, 0.003694149845286989], "F": [2940.0, 5, 0.09285410648585914], "H": [4.0, 1, 0.00011999245847830002], "K": [44.0, 10, 0.0013235398713763817], "L": [184.0, 2, 0.0055196530900018005], "P": [82.0, 1, 0.0012765106804405516], "DQB1": [290.0, 27, 0.012130535306215929], "E": [3314.0, 16, 0.10051427308745538], "DMB": [1006.0, 3, 0.04176161770807137], "DOA": [40.0, 6, 0.0017465037781170894], "J": [2.0, 1, 6.005102031608074e-05], "G": [2.0, 1, 6.465670329017543e-05]}