{"A": [2136.0, 159, 0.05396643965995432], "B": [5048.0, 212, 0.12859270306443196], "C": [2070.0, 172, 0.052156433394532284], "DMA": [2556.0, 2, 0.09021176136484087], "DMB": [1168.0, 4, 0.04091122843135454], "DRA": [1110.0, 8, 0.04025190162343585], "DRB1": [1652.0, 39, 0.05721400977794173], "DRB3": [212.0, 9, 0.007342233700316976], "F": [16004.0, 4, 0.426483930636535], "H": [8.0, 4, 0.00020249033170203478], "L": [74.0, 3, 0.0018730355682438217], "P": [70.0, 1, 0.0009194518376053568], "G": [4.0, 2, 0.00010910983458477392], "E": [2206.0, 14, 0.056454827516284466], "DQA1": [796.0, 31, 0.028752572464544657], "DQB1": [304.0, 22, 0.010729411367336317], "DOB": [44.0, 3, 0.0014831248110569449], "K": [20.0, 6, 0.0005076152871578914], "J": [6.0, 1, 0.00015200644078454119], "DRB5": [2.0, 1, 6.92663556633677e-05], "DOA": [40.0, 3, 0.0014736348176987392], "DPB1": [4.0, 2, 0.00014281171399319826]}