{"A": [6538.0, 187, 0.10027448609810626], "B": [5844.0, 219, 0.09037123062426479], "C": [10214.0, 317, 0.15622711157834643], "DMA": [1306.0, 3, 0.027981339425502114], "DQA1": [4478.0, 35, 0.09819078634134046], "DRA": [3064.0, 8, 0.06744895020848417], "DRB1": [2042.0, 32, 0.04293100847715624], "DRB3": [168.0, 5, 0.003532032039256733], "DRB5": [2.0, 1, 4.2048000467342054e-05], "E": [5066.0, 16, 0.07870163812934106], "F": [16920.0, 5, 0.27371430667331864], "H": [10.0, 5, 0.00015365168053987674], "K": [50.0, 10, 0.0007703670716912394], "L": [202.0, 4, 0.0031037639469055104], "P": [256.0, 1, 0.0020412392954146054], "Y": [112.0, 4, 0.002288962510877543], "DMB": [1426.0, 3, 0.03032090870063778], "J": [12.0, 2, 0.00018455040205118348], "DOB": [156.0, 7, 0.003192071656377396], "DRB4": [276.0, 2, 0.0058026240644932035], "DQB1": [546.0, 19, 0.011698171000248206], "DOA": [46.0, 11, 0.0010287520751790739]}