{"A": [5460.0, 173, 0.07036840898444241], "B": [8802.0, 275, 0.11437758268623736], "C": [4678.0, 240, 0.060125725217781596], "DMA": [2990.0, 2, 0.05383144918493605], "DMB": [1796.0, 5, 0.03208991597860295], "DOA": [74.0, 8, 0.001390670277815214], "DQA1": [19106.0, 63, 0.3520432183441886], "DRA": [5012.0, 7, 0.0927122362233637], "DRB1": [1462.0, 41, 0.025828684405690184], "DRB2": [8.0, 1, 0.00022067851413410384], "DRB3": [2.0, 1, 3.533335760012337e-05], "DRB5": [932.0, 4, 0.01646534464165749], "DRB7": [2.0, 1, 3.551068938230717e-05], "E": [2202.0, 13, 0.028745870296039113], "F": [8904.0, 7, 0.12103803125517307], "H": [36.0, 6, 0.0004648141878454186], "K": [46.0, 10, 0.0005955594209213841], "L": [92.0, 2, 0.001187858480049403], "P": [72.0, 1, 0.0004824207858698662], "Y": [4.0, 1, 6.869422193616217e-05], "DQB1": [796.0, 62, 0.014331048010437825], "DOB": [72.0, 4, 0.001237998420118053], "DRB4": [694.0, 3, 0.012260675087242809], "J": [2.0, 1, 2.5846593093788877e-05], "DPB1": [2.0, 1, 3.642473544105382e-05]}