{"A": [2572.0, 168, 0.1070404095807852], "B": [5134.0, 216, 0.21543046688464987], "C": [1364.0, 114, 0.05661169906958391], "DMA": [1106.0, 2, 0.06430011046244277], "DMB": [894.0, 4, 0.05158120401596336], "DQA1": [520.0, 34, 0.030940067845145806], "DRA": [1062.0, 7, 0.0634369391040383], "DRB3": [88.0, 5, 0.0050202956526609385], "DRB5": [250.0, 3, 0.014262203558695848], "DRB7": [2.0, 1, 0.00011467026399513548], "F": [6192.0, 6, 0.27180619832004305], "K": [10.0, 3, 0.00041807959928693043], "L": [116.0, 4, 0.004836448561532056], "P": [52.0, 1, 0.00112509337618712], "DQB1": [110.0, 18, 0.006395128527006062], "DRB1": [688.0, 29, 0.03924958419353097], "E": [1406.0, 14, 0.0592700340259211], "DOB": [114.0, 4, 0.006329714973311071], "DOA": [20.0, 3, 0.0012137078406922045], "H": [12.0, 3, 0.0005003222649860748], "DPB1": [2.0, 1, 0.00011762187954198582]}