{"A": [2984.0, 167, 0.10904166355429003], "B": [5826.0, 242, 0.2146538045548984], "C": [1622.0, 119, 0.05910980419853331], "DMA": [1476.0, 2, 0.0753459306103856], "DMB": [1056.0, 4, 0.05349765262851226], "DQA1": [548.0, 33, 0.028629603164477265], "DRA": [1158.0, 8, 0.06073557033707569], "DRB3": [116.0, 4, 0.005810606465269122], "DRB5": [252.0, 3, 0.012623041631446714], "H": [18.0, 6, 0.0006589583124862369], "K": [18.0, 5, 0.0006607669812304808], "L": [96.0, 2, 0.0035144443332599303], "P": [64.0, 1, 0.001215855741557097], "DQB1": [154.0, 25, 0.007861296283197414], "DRB1": [834.0, 27, 0.041776256827883176], "E": [1446.0, 15, 0.05352232866754756], "F": [6862.0, 5, 0.2644819109055124], "DOB": [108.0, 5, 0.005265261072794038], "DOA": [28.0, 4, 0.0014919664079664776], "DPB1": [2.0, 1, 0.0001032773216766646]}