{"A": [5930.0, 190, 0.07904700057851245], "B": [9876.0, 291, 0.13273524128751893], "C": [5162.0, 232, 0.06862205559730872], "DMA": [2626.0, 2, 0.04889959000554663], "DOA": [42.0, 4, 0.0008163706004937373], "DQA1": [16964.0, 61, 0.3232958172954535], "DRA": [5926.0, 8, 0.11337916496825376], "DRB1": [1782.0, 50, 0.03256178659978953], "DRB5": [792.0, 3, 0.014471905155462015], "E": [1936.0, 12, 0.02614021244870353], "F": [7318.0, 6, 0.10289036734305651], "H": [38.0, 12, 0.0005074649887584245], "K": [30.0, 6, 0.00040172987986654304], "L": [54.0, 2, 0.0007211344577093403], "P": [102.0, 1, 0.0007068695925947193], "Y": [8.0, 2, 0.00014210056915667688], "G": [8.0, 3, 0.00011513359782212562], "DQB1": [870.0, 80, 0.016200549621030298], "DMB": [1350.0, 3, 0.024948338562166567], "DOB": [110.0, 7, 0.001956256924113182], "DRB4": [620.0, 3, 0.011329016662104103], "DRB3": [2.0, 1, 3.654521503904549e-05], "DPB1": [4.0, 1, 7.534804953996252e-05]}