{"A": [2998.0, 163, 0.10033061845193177], "B": [4484.0, 210, 0.15130104412002593], "C": [2106.0, 180, 0.0702870391162457], "DMA": [2336.0, 2, 0.10920800997300847], "DOA": [40.0, 7, 0.0019519523694897277], "DOB": [80.0, 5, 0.0035718593784344224], "DRA": [1722.0, 8, 0.08271340755348912], "DRB1": [1176.0, 48, 0.05394845436484081], "DRB3": [90.0, 4, 0.004128708242207205], "DRB5": [588.0, 4, 0.026974227182420405], "F": [6722.0, 6, 0.23727499861348683], "H": [14.0, 4, 0.0004693768676815855], "K": [46.0, 6, 0.001546471321463522], "L": [74.0, 2, 0.0024809920148883805], "P": [56.0, 1, 0.0009743125889754124], "DQB1": [208.0, 33, 0.009724000888007603], "E": [1524.0, 14, 0.05166065231918971], "DQA1": [828.0, 32, 0.03961624580530382], "DMB": [1096.0, 3, 0.050849837977002474], "DRB4": [2.0, 1, 9.1749072049049e-05], "G": [2.0, 1, 7.226254347225984e-05], "J": [2.0, 1, 6.711507462218104e-05], "DPB1": [16.0, 2, 0.0007566641617635855]}