{"A": [2310.0, 155, 0.0558203699355933], "B": [4306.0, 191, 0.10491297835141891], "C": [1884.0, 160, 0.045402174135518766], "DMA": [2796.0, 2, 0.09438385064672401], "DMB": [1276.0, 4, 0.04274728762600197], "DRA": [1272.0, 8, 0.04411728183389412], "DRB1": [2302.0, 49, 0.07625281372728131], "DRB3": [190.0, 8, 0.006293672722929387], "F": [16668.0, 5, 0.42483064105149604], "H": [12.0, 3, 0.0002905051009066331], "K": [30.0, 7, 0.0007282561541483756], "L": [132.0, 2, 0.003195556109972964], "P": [46.0, 1, 0.0005778924071696975], "DQB1": [376.0, 25, 0.012692534993980053], "E": [2290.0, 14, 0.056051762181696184], "DQA1": [814.0, 35, 0.02812200333585582], "DOB": [48.0, 4, 0.001547477961573122], "DRB5": [2.0, 1, 6.624918655715144e-05], "DOA": [50.0, 6, 0.0017618060568485492], "DPB1": [6.0, 3, 0.00020488648043350699]}