{"A": [3270.0, 189, 0.09684781106846325], "B": [3726.0, 253, 0.11126520376327112], "C": [1586.0, 168, 0.046844678297275434], "DMA": [1180.0, 2, 0.048820683806344876], "DMB": [358.0, 4, 0.014699489144516964], "DQA1": [9416.0, 40, 0.3987031130322509], "DQB1": [260.0, 35, 0.010757099821737007], "DRA": [964.0, 6, 0.04097887161050486], "DRB1": [708.0, 42, 0.028743863274746873], "DRB2": [4.0, 1, 0.000253563666513279], "DRB3": [20.0, 5, 0.0008119735388346574], "DRB7": [4.0, 1, 0.00016320973766789475], "E": [4704.0, 17, 0.14111800483714304], "F": [1384.0, 5, 0.043234431968082604], "K": [6.0, 2, 0.0001785153169093945], "L": [160.0, 2, 0.00474737813581431], "P": [114.0, 1, 0.0017553160919779333], "Y": [4.0, 1, 0.0001578618457782914], "DOB": [82.0, 4, 0.003240099998647507], "DRB4": [156.0, 3, 0.006333393602910328], "H": [6.0, 3, 0.00017802668009303668], "DPB1": [4.0, 2, 0.00016741076051648922]}