{"A": [3224.0, 160, 0.08166593618668311], "B": [5674.0, 292, 0.1449137862586266], "C": [3620.0, 231, 0.09144700861763967], "DMA": [1696.0, 2, 0.06001385903999694], "DOB": [116.0, 5, 0.003920183586733104], "DQA1": [7496.0, 37, 0.2714667289056052], "DRA": [2062.0, 8, 0.07496792282464879], "DRB1": [1812.0, 44, 0.06291785804908731], "DRB3": [152.0, 6, 0.0052778777171419815], "DRB4": [256.0, 3, 0.008889057207818074], "H": [18.0, 6, 0.0004567832844659593], "K": [32.0, 7, 0.0008142880630675067], "L": [140.0, 2, 0.0035527588791796835], "P": [38.0, 1, 0.0005004237750273115], "DQB1": [282.0, 20, 0.009978719486603263], "E": [1478.0, 15, 0.03792218947862822], "F": [4592.0, 5, 0.12268724149457697], "DMB": [488.0, 3, 0.017137319453566877], "DPB1": [4.0, 2, 0.00014318160439716614], "DPA1": [2.0, 1, 7.104221367598857e-05], "DOA": [34.0, 4, 0.0012558338728301246]}