{"A": [3560.0, 189, 0.1442394061850946], "B": [3160.0, 222, 0.12909085307938914], "C": [1800.0, 144, 0.07273131738874286], "DMA": [948.0, 2, 0.05365646526849419], "DMB": [290.0, 4, 0.01628954989411596], "DQA1": [3890.0, 26, 0.22533292240384326], "DQB1": [192.0, 33, 0.010867132206277304], "DRA": [864.0, 7, 0.050244505377258594], "DRB1": [556.0, 25, 0.0308800890050099], "DRB2": [4.0, 1, 0.00034687970736411474], "DRB3": [10.0, 2, 0.000555397284262768], "F": [1638.0, 5, 0.07000022498074482], "H": [2.0, 1, 8.118124538220386e-05], "K": [6.0, 3, 0.00024421220019824914], "L": [102.0, 2, 0.004140243514492397], "P": [146.0, 1, 0.0030753546782856843], "E": [4370.0, 14, 0.1793446487006333], "DOB": [16.0, 3, 0.0008648811172675132], "DRB4": [128.0, 3, 0.00710908523856343], "J": [4.0, 1, 0.00016251076701168115], "DPA1": [10.0, 1, 0.000568165037923981], "G": [4.0, 1, 0.0001749747196438455]}