{"A": [14174.0, 277, 0.17935484017508155], "B": [17724.0, 280, 0.22612931887048673], "C": [8078.0, 155, 0.10193880609773606], "DMA": [2570.0, 2, 0.04542904322328843], "DQA1": [722.0, 26, 0.013061678520625808], "DRB1": [5852.0, 45, 0.10150672461997869], "DRB3": [394.0, 6, 0.006834184808658852], "DRB7": [8.0, 1, 0.0001394616112894354], "F": [5616.0, 5, 0.07495478842149027], "H": [30.0, 8, 0.00038030646965447087], "K": [86.0, 11, 0.0010932042270128638], "L": [302.0, 4, 0.0038284184611883402], "P": [110.0, 1, 0.0007236386992036459], "Y": [4.0, 1, 6.744593701315534e-05], "G": [6.0, 3, 8.196969336112095e-05], "DPB1": [22.0, 3, 0.0003933912310728701], "DRA": [7906.0, 7, 0.14358807983445396], "DQB1": [722.0, 17, 0.012762556111756517], "E": [4640.0, 15, 0.059471886009828785], "DMB": [1442.0, 3, 0.025296654648525027], "DOB": [150.0, 6, 0.002532295812523087], "J": [2.0, 1, 2.537691876659361e-05], "DOA": [22.0, 4, 0.00040592959700347944]}