{"A": [10168.0, 223, 0.20121786843079228], "B": [12682.0, 319, 0.25304235204562975], "C": [4658.0, 176, 0.0919275132008767], "DMA": [1030.0, 2, 0.02847397014171089], "DOA": [38.0, 5, 0.0010965336584956237], "DQA1": [558.0, 20, 0.015787244155178872], "DRB1": [1454.0, 32, 0.03944257291569208], "DRB3": [140.0, 5, 0.0037977718075631996], "DRB7": [2.0, 1, 5.452617346940531e-05], "F": [9246.0, 7, 0.1929907554845355], "H": [28.0, 10, 0.0005551122660325042], "L": [328.0, 3, 0.006502743687809335], "P": [244.0, 1, 0.002510320999585301], "Y": [6.0, 1, 0.0001582185446181409], "DRA": [1688.0, 7, 0.047945113797801225], "E": [4214.0, 11, 0.08446924175048845], "DMB": [758.0, 3, 0.020795883253395174], "DPA1": [2.0, 1, 5.5501098665537725e-05], "DOB": [124.0, 5, 0.0032738230082833466], "DQB1": [200.0, 19, 0.005528926241108911], "K": [16.0, 3, 0.0003180776596897789], "DPB1": [2.0, 1, 5.592967857801291e-05]}