{"A": [5790.0, 263, 0.13450508794932028], "B": [7906.0, 190, 0.18517886565599537], "C": [4590.0, 216, 0.10633784522293963], "DMA": [1564.0, 3, 0.050754749874290836], "DRA": [3612.0, 7, 0.12043391257969983], "DRB1": [1882.0, 49, 0.059930733371205164], "DRB3": [126.0, 7, 0.004012365783619474], "DRB7": [2.0, 1, 6.400798615202244e-05], "F": [6708.0, 5, 0.164363285385634], "H": [10.0, 4, 0.00023272976716770934], "K": [100.0, 9, 0.002333685496942447], "L": [210.0, 2, 0.004887325110521896], "P": [58.0, 1, 0.0007004813370888707], "Y": [10.0, 2, 0.00030955318545607943], "DQB1": [670.0, 45, 0.021742763692950678], "E": [3620.0, 12, 0.08518081234623895], "DQA1": [606.0, 35, 0.020126761176872465], "DMB": [1128.0, 3, 0.03632841141316074], "DOB": [14.0, 3, 0.0004339010385688131], "DRB4": [2.0, 1, 6.368834577173769e-05], "J": [2.0, 1, 4.6588461153572504e-05], "DOA": [60.0, 3, 0.0020324448192494777]}