{"A": [7190.0, 226, 0.09196285424630868], "B": [9124.0, 346, 0.1176639134030105], "C": [9834.0, 242, 0.1254379005691757], "DMA": [4414.0, 2, 0.07886706417066408], "DQA1": [1876.0, 59, 0.03430500648208421], "DRA": [8982.0, 7, 0.16489121088852496], "DRB1": [4648.0, 68, 0.08149284786531671], "DRB2": [4.0, 1, 0.0001095036304618955], "DRB3": [362.0, 6, 0.006346904244243685], "E": [2778.0, 15, 0.035990580447895236], "F": [13822.0, 5, 0.186468746269293], "H": [36.0, 10, 0.0004612940345278938], "L": [96.0, 3, 0.0012301174254077168], "P": [52.0, 1, 0.0003457763785749911], "Y": [10.0, 2, 0.00017043495881963712], "DQB1": [1598.0, 56, 0.02855223573736321], "G": [6.0, 3, 8.285451685391209e-05], "DMB": [2316.0, 3, 0.04106759450152202], "J": [4.0, 2, 5.130170084653187e-05], "DOB": [160.0, 6, 0.002730272778952729], "K": [28.0, 7, 0.00035976901828789276], "DRB5": [4.0, 1, 7.013153861042747e-05], "DOA": [70.0, 3, 0.0013055363113833559], "DPB1": [2.0, 1, 3.614888187062574e-05]}