{"A": [2040.0, 146, 0.06261019590428257], "B": [3494.0, 199, 0.10812154832169309], "C": [1776.0, 162, 0.054359177620502935], "DMA": [1912.0, 2, 0.08197521743049264], "DMB": [936.0, 4, 0.039826111244996854], "DRA": [696.0, 8, 0.03065949800821477], "DRB1": [1262.0, 39, 0.053093832354081084], "DRB3": [108.0, 5, 0.004543687713344498], "F": [14078.0, 6, 0.45572984077275713], "L": [112.0, 1, 0.003443695189067667], "P": [42.0, 1, 0.0006701509103725432], "DQA1": [728.0, 37, 0.03194386006109123], "DQB1": [218.0, 23, 0.009346546757242362], "E": [1796.0, 14, 0.05583342703350538], "J": [4.0, 2, 0.00012310143272074896], "DOB": [100.0, 5, 0.004094655796756382], "K": [10.0, 2, 0.000308316717358692], "DOA": [62.0, 2, 0.002774686675767479], "H": [12.0, 4, 0.0003689673416858215], "DPB1": [4.0, 1, 0.00017348271406592036]}