{"A": [12236.0, 247, 0.21588944234837665], "B": [13832.0, 321, 0.24606586817429063], "C": [10574.0, 286, 0.1860571068267254], "DMA": [590.0, 2, 0.014541986660782118], "DQA1": [2758.0, 40, 0.06957085138463], "DQB1": [386.0, 52, 0.009513909917054064], "DRA": [2572.0, 9, 0.06513340843590085], "DRB1": [754.0, 44, 0.01823614791382077], "DRB5": [262.0, 4, 0.006336698611964247], "E": [4344.0, 15, 0.07763450901055084], "F": [3958.0, 8, 0.07365790064614083], "H": [8.0, 4, 0.00014140791185667133], "L": [92.0, 3, 0.0016261909863517204], "P": [152.0, 1, 0.0013942605854655892], "Y": [2.0, 1, 4.7021562923213525e-05], "DMB": [318.0, 3, 0.007778506424176444], "J": [6.0, 2, 0.00010615278862665192], "DOB": [46.0, 4, 0.0010828100370847422], "DRB4": [176.0, 2, 0.00425671357139583], "K": [28.0, 5, 0.0004962861389590039], "G": [12.0, 3, 0.00022858860087745101], "DOA": [6.0, 2, 0.0001543656089590755], "DPB1": [2.0, 1, 4.9865853087165956e-05]}