{"A": [6988.0, 197, 0.07553106797721364], "B": [6650.0, 244, 0.07247176440593961], "C": [10818.0, 341, 0.11660971325548504], "DMA": [2746.0, 3, 0.04146226816065648], "DQA1": [10794.0, 40, 0.16680008322025933], "DRA": [4786.0, 8, 0.07424826819649015], "DRB1": [3826.0, 28, 0.05668752799640469], "DRB2": [2.0, 1, 4.6268742873598165e-05], "DRB3": [234.0, 4, 0.0034670364744272602], "E": [5726.0, 15, 0.06268983557616994], "F": [23598.0, 6, 0.2690292720902449], "H": [46.0, 13, 0.0004981066579977962], "K": [96.0, 12, 0.0010423801688192874], "L": [252.0, 3, 0.002728758213379232], "P": [258.0, 1, 0.0014497758509214517], "Y": [56.0, 4, 0.0008065585226169467], "DQB1": [930.0, 25, 0.014042210265626558], "DMB": [1830.0, 3, 0.027422116870142184], "J": [10.0, 4, 0.00010838294563541487], "DOB": [140.0, 6, 0.0020188463628079104], "DRB4": [636.0, 3, 0.009423227340751015], "DOA": [86.0, 9, 0.0013554345272891127], "DPB1": [4.0, 1, 6.109617784853502e-05]}