{"A": [1540.0, 95, 0.08070262538114326], "B": [3270.0, 199, 0.17277828361894004], "C": [818.0, 70, 0.04274991614637764], "DMA": [1610.0, 2, 0.11786167599903952], "DRA": [978.0, 8, 0.07356084377369355], "DRB1": [1478.0, 26, 0.10617229387294781], "DRB2": [4.0, 1, 0.00044865437669170543], "DRB3": [66.0, 3, 0.004741117317736505], "F": [4412.0, 6, 0.24386757334568485], "K": [10.0, 3, 0.0005264402910403589], "L": [82.0, 2, 0.004304994299706497], "P": [22.0, 1, 0.0005993742063615752], "DQB1": [186.0, 17, 0.013616317848336244], "E": [930.0, 11, 0.049365432789632326], "DMB": [732.0, 3, 0.05318083867353613], "DOB": [72.0, 4, 0.005033869397777896], "J": [2.0, 1, 0.0001050957512524406], "DQA1": [398.0, 16, 0.02981886676648837], "DPA1": [2.0, 1, 0.00014697298546797249], "G": [2.0, 1, 0.00011315619235144784], "DOA": [4.0, 1, 0.0003056569657939507]}