{"A": [1674.0, 98, 0.08093761279566195], "B": [2912.0, 185, 0.14195829296008988], "DMA": [1968.0, 2, 0.13292290542687388], "DRB1": [1698.0, 29, 0.1125388433564103], "DRB3": [66.0, 5, 0.004374301331874606], "F": [5024.0, 5, 0.25621006029985377], "H": [8.0, 3, 0.00038750446436978096], "K": [24.0, 5, 0.0011657041892477948], "L": [68.0, 1, 0.003293787947143138], "P": [10.0, 1, 0.0002513641648610795], "DQB1": [162.0, 18, 0.010941824532090227], "DRA": [834.0, 6, 0.057876451097990105], "E": [1110.0, 13, 0.054361442709144454], "DMB": [990.0, 3, 0.06636013952332499], "DOB": [54.0, 5, 0.003483302584942454], "C": [916.0, 84, 0.04416776588800413], "DQA1": [398.0, 16, 0.02751180784404515], "Y": [2.0, 1, 0.00012885463985111648], "DOA": [16.0, 3, 0.001128034244221195]}