{"A": [6132.0, 205, 0.09307849512277397], "B": [7722.0, 311, 0.11818203517011878], "C": [7324.0, 204, 0.11086911061558781], "DMA": [3998.0, 2, 0.08477538890049396], "DQA1": [1644.0, 59, 0.03567714883841527], "DRA": [7704.0, 6, 0.16784344542410837], "DRB1": [4094.0, 65, 0.0851853415898577], "DRB2": [6.0, 1, 0.00019493213178457138], "DRB3": [366.0, 8, 0.0076154946316287055], "DRB7": [4.0, 1, 8.364716319990392e-05], "E": [2420.0, 14, 0.03720794039441483], "F": [11180.0, 6, 0.1789948851599942], "H": [22.0, 6, 0.00033455049259742593], "K": [26.0, 6, 0.0003964630640046681], "L": [76.0, 2, 0.0011557198835183803], "P": [38.0, 1, 0.0002998742879583677], "Y": [18.0, 3, 0.0003640783383694847], "DQB1": [1374.0, 55, 0.02913491354409172], "V": [4.0, 1, 0.00012894930187683446], "DMB": [2106.0, 3, 0.044318263188794546], "DOB": [98.0, 4, 0.001984612797354707], "DRB4": [8.0, 1, 0.00016645889905199355], "J": [2.0, 1, 3.0441456196494713e-05], "DOA": [84.0, 5, 0.0018592331613237606], "G": [2.0, 1, 3.27761991496182e-05], "DPB1": [4.0, 2, 8.580024333374958e-05]}