{"A": [4004.0, 168, 0.08321290974123619], "B": [5258.0, 271, 0.11017718745958424], "C": [5134.0, 207, 0.10640634486209388], "DMA": [2962.0, 2, 0.08599268074215499], "DOB": [116.0, 5, 0.00321630431777268], "DQA1": [1234.0, 47, 0.036665103848466836], "DQB1": [938.0, 45, 0.027231983300520384], "DRA": [4362.0, 6, 0.13011375359797617], "DRB1": [2576.0, 55, 0.07338584889884771], "DRB3": [194.0, 6, 0.005526729303717569], "DRB5": [2.0, 1, 5.697659075997493e-05], "DRB7": [4.0, 1, 0.00011452509209219553], "E": [2102.0, 14, 0.044248892903944334], "F": [10840.0, 6, 0.2376170131192799], "K": [32.0, 8, 0.0006680805006219933], "L": [88.0, 2, 0.0018321924860807996], "P": [26.0, 1, 0.00028091725359072865], "Y": [46.0, 3, 0.0012738831693823037], "DMB": [1748.0, 3, 0.05036342146426603], "DRB4": [2.0, 1, 5.697659075997493e-05], "DPA1": [2.0, 1, 5.8286397444112286e-05], "J": [4.0, 1, 8.33575327830866e-05], "DOA": [36.0, 3, 0.0010909541641133049], "H": [10.0, 3, 0.00020820369160009085], "DPB1": [4.0, 2, 0.00011747297091052746]}