{"A": [3026.0, 163, 0.12763841087734829], "B": [3202.0, 221, 0.13617840800874745], "C": [1678.0, 129, 0.07058614150883234], "DMA": [1016.0, 2, 0.059866789245378756], "DMB": [324.0, 4, 0.018946746023702995], "DQA1": [3746.0, 28, 0.22590266685552823], "DQB1": [142.0, 21, 0.00836720873311396], "DRA": [764.0, 7, 0.046253726531067525], "DRB1": [480.0, 26, 0.027753868499140466], "DRB3": [18.0, 2, 0.0010407700687177675], "E": [4262.0, 15, 0.18209539710603603], "F": [1740.0, 7, 0.07741289761845987], "H": [16.0, 6, 0.0006761207015757759], "K": [16.0, 4, 0.0006779764766029738], "L": [72.0, 2, 0.0030425431570909917], "P": [86.0, 1, 0.001885902960692659], "Y": [4.0, 2, 0.00022482654397058566], "DOB": [54.0, 3, 0.0030388462638259966], "DRB4": [142.0, 1, 0.008210519430995721], "J": [2.0, 1, 8.459227042546237e-05], "DRB5": [2.0, 1, 0.00011564111874641861]}