{"A": [5184.0, 174, 0.06462001705938224], "B": [8550.0, 257, 0.10745896431907716], "C": [4688.0, 233, 0.05827800811899984], "DMA": [3296.0, 2, 0.05739434085158307], "DQA1": [21374.0, 63, 0.38091581182301343], "DRA": [4462.0, 7, 0.07983117957179002], "DRB1": [1256.0, 41, 0.021461572457265356], "DRB5": [746.0, 3, 0.012747080456305696], "DRB7": [4.0, 1, 6.869198802144006e-05], "H": [40.0, 12, 0.0004995211172726982], "K": [16.0, 3, 0.0002003568689957465], "L": [122.0, 3, 0.00152353940768173], "P": [68.0, 1, 0.00044067601595761905], "Y": [2.0, 1, 3.322057915842702e-05], "DQB1": [678.0, 57, 0.011806238803814722], "G": [2.0, 1, 2.6916182130328286e-05], "E": [2390.0, 11, 0.030176789562472252], "F": [9748.0, 5, 0.1281649305688519], "DMB": [1830.0, 3, 0.0316249846746056], "DOB": [90.0, 4, 0.001496742497198632], "DRB4": [622.0, 3, 0.01062826279332727], "J": [2.0, 1, 2.4998865047072023e-05], "DOA": [24.0, 4, 0.0004362351749250018], "DPB1": [8.0, 3, 0.00014092024312249094]}