{"A": [31156.0, 406, 0.19946165664303478], "B": [45720.0, 522, 0.295119841313026], "C": [36890.0, 493, 0.23552738106205187], "DMA": [1258.0, 2, 0.011250664183493166], "DOA": [14.0, 4, 0.00013069324047230136], "DOB": [156.0, 7, 0.0013324313115605185], "DQA1": [3478.0, 54, 0.03183379566992988], "DRA": [7636.0, 9, 0.07016564976074784], "DRB1": [2382.0, 57, 0.02090399571965235], "DRB2": [10.0, 1, 0.00013702591210755069], "DRB5": [648.0, 4, 0.005686729314162351], "E": [9742.0, 15, 0.0631740776329015], "F": [6558.0, 7, 0.044283378761909305], "G": [46.0, 9, 0.0003179486208371663], "H": [78.0, 14, 0.000500269602834994], "K": [72.0, 12, 0.0004630548114917193], "L": [140.0, 3, 0.0008979197999602457], "P": [346.0, 1, 0.0011516015789425206], "Y": [34.0, 4, 0.0002900492668664927], "DQB1": [938.0, 71, 0.008388810019170578], "DMB": [572.0, 3, 0.005076810043584753], "DRB4": [430.0, 3, 0.003773601242422548], "DPB1": [6.0, 3, 5.428130726731546e-05], "J": [4.0, 1, 2.5678280515497174e-05], "DRB3": [6.0, 1, 5.265490105705881e-05]}