{"A": [2860.0, 152, 0.07188356486949815], "B": [5820.0, 295, 0.14748947118978925], "C": [2766.0, 194, 0.06933152778817635], "DMA": [2364.0, 2, 0.08300243624972864], "DOB": [108.0, 5, 0.003621511210259484], "DQA1": [7590.0, 34, 0.2727385137040724], "DRA": [1576.0, 8, 0.05685395633314745], "DRB1": [1902.0, 39, 0.06553056465222687], "DRB3": [92.0, 6, 0.0031697223701392598], "DRB4": [304.0, 3, 0.010473865223068857], "DRB7": [2.0, 1, 6.925283995640027e-05], "E": [1600.0, 15, 0.04073395826217788], "K": [52.0, 9, 0.0013129527443518083], "L": [102.0, 2, 0.0025683578336750017], "P": [52.0, 1, 0.0006794779117313099], "F": [5038.0, 4, 0.13355905799095805], "DQB1": [286.0, 20, 0.010041749901616916], "DMB": [750.0, 3, 0.026133765835819615], "J": [2.0, 1, 5.0405948351827416e-05], "H": [4.0, 2, 0.00010071991504607851], "DOA": [14.0, 2, 0.0005130964065295581], "DPB1": [4.0, 2, 0.0001420708196788958]}