{"A": [5256.0, 88, 0.17040418088065168], "B": [9192.0, 113, 0.30047570685042185], "C": [3614.0, 58, 0.11684982298739371], "DMA": [1140.0, 2, 0.051630880905750104], "DQA1": [46.0, 6, 0.0021321798817026463], "DRB3": [26.0, 1, 0.0011554949757867459], "DRB5": [8.0, 2, 0.00035553691562669105], "F": [1514.0, 5, 0.05177288605875444], "H": [2.0, 1, 6.496009795095335e-05], "L": [36.0, 3, 0.0011692817631171605], "P": [142.0, 1, 0.0023934351241247094], "DRA": [3690.0, 6, 0.17170864479553175], "DQB1": [220.0, 12, 0.0099638542098816], "DRB1": [918.0, 18, 0.04079786106816279], "E": [1592.0, 8, 0.052280653887434435], "DMB": [510.0, 3, 0.022923040625419753], "DOB": [34.0, 2, 0.0014706397873902345], "DPB1": [30.0, 4, 0.001374445315719013], "G": [2.0, 1, 7.00061625902113e-05], "DOA": [2.0, 1, 9.455015584893077e-05], "K": [28.0, 1, 0.0009119375507405565]}