{"A": [2040.0, 128, 0.05326395172828669], "B": [4426.0, 190, 0.11651694434705243], "C": [1934.0, 165, 0.05035872288181514], "DMA": [2670.0, 2, 0.09738549413994223], "DMB": [954.0, 4, 0.034532558008867155], "DRA": [1270.0, 8, 0.0475935218038105], "DRB1": [1880.0, 36, 0.067286957305573], "DRB2": [14.0, 1, 0.0007823772751282564], "DRB3": [220.0, 8, 0.007874005642141522], "F": [15458.0, 5, 0.42570439154744183], "H": [58.0, 11, 0.0015171306989159373], "K": [34.0, 5, 0.0008917935193299601], "L": [74.0, 1, 0.001935649512409989], "P": [38.0, 1, 0.000515816511138739], "G": [2.0, 1, 5.6378640559179044e-05], "V": [4.0, 1, 0.00022180687601038715], "DQB1": [288.0, 23, 0.010504502738690396], "E": [1862.0, 15, 0.04924429806709023], "DQA1": [740.0, 32, 0.027623331583350886], "J": [2.0, 1, 5.236262780701834e-05], "DOB": [74.0, 6, 0.00257773009186069], "DRB4": [4.0, 1, 0.00014316373894802768], "DOA": [82.0, 2, 0.0031219391439523086], "DPB1": [8.0, 3, 0.0002951715698774007]}