{"A": [3064.0, 159, 0.08419959203091537], "B": [5440.0, 278, 0.15072822551161427], "C": [3026.0, 206, 0.08292875990469553], "DMA": [1532.0, 2, 0.05881116542617371], "DOB": [112.0, 5, 0.004106215649614164], "DQA1": [7004.0, 35, 0.275174688654968], "DRA": [1480.0, 8, 0.058374590451167566], "DRB3": [136.0, 7, 0.005123066091827338], "DRB4": [280.0, 3, 0.010547489012585698], "H": [18.0, 4, 0.000495547759982601], "K": [24.0, 7, 0.0006625438791594152], "L": [94.0, 2, 0.0025878605243535827], "P": [10.0, 1, 0.00014286625235188622], "V": [2.0, 1, 0.00011672476787898788], "F": [4882.0, 5, 0.14150461756866384], "G": [6.0, 2, 0.00017801387903668654], "DRB1": [1256.0, 38, 0.047313022142170126], "E": [1562.0, 13, 0.04347857619914584], "DQB1": [376.0, 21, 0.0144340719322724], "DMB": [464.0, 3, 0.017677317624340053], "J": [2.0, 1, 5.511114611272761e-05], "DOA": [32.0, 2, 0.0012822673039774074], "DPB1": [2.0, 1, 7.766628699284007e-05]}