{"A": [3588.0, 181, 0.10664002664166741], "B": [4532.0, 227, 0.13581013223666694], "C": [2162.0, 204, 0.06408236352581438], "DMA": [3290.0, 2, 0.13659773639048883], "DOB": [78.0, 5, 0.0030928931600335678], "DQB1": [310.0, 39, 0.01287091133162661], "DRA": [2130.0, 7, 0.09086326094531999], "DRB1": [1454.0, 51, 0.059238225564340864], "DRB2": [2.0, 1, 0.00012722802372707682], "DRB3": [120.0, 4, 0.0048889869791753126], "DRB5": [618.0, 3, 0.025178282942752858], "DRB7": [2.0, 1, 8.189206546046476e-05], "F": [7570.0, 8, 0.23730959636021492], "H": [14.0, 6, 0.00041685751204738406], "K": [66.0, 9, 0.0019705793354763803], "L": [104.0, 2, 0.003096655803780567], "P": [52.0, 1, 0.0008034883430263971], "V": [2.0, 1, 0.00012624366764408206], "E": [1506.0, 13, 0.04533836352168707], "DQA1": [948.0, 29, 0.04028257904365034], "DMB": [698.0, 3, 0.02876076222730386], "J": [8.0, 2, 0.00023842183076526179], "DOA": [30.0, 5, 0.0013001588878882554], "G": [4.0, 2, 0.00012835393544147577], "DPB1": [18.0, 3, 0.0007559997239998889]}