{"A": [5146.0, 198, 0.14303894419406296], "B": [8874.0, 283, 0.24870149658874907], "C": [2620.0, 189, 0.07262745507823906], "DMA": [1534.0, 2, 0.059564797221952195], "DOB": [80.0, 6, 0.0029667230497673266], "DQA1": [580.0, 23, 0.02304908171510312], "DRB1": [2638.0, 44, 0.10051459548299858], "DRB2": [2.0, 1, 0.00011898699171337767], "DRB3": [122.0, 4, 0.004648514271768699], "E": [3270.0, 17, 0.0920672825042012], "F": [3270.0, 4, 0.09587025382762161], "K": [46.0, 7, 0.0012844716516250167], "L": [150.0, 3, 0.004177029658916247], "P": [78.0, 1, 0.0011271651246257325], "DQB1": [358.0, 30, 0.01390104133341518], "DRA": [2224.0, 7, 0.08872789979718507], "DMB": [1188.0, 3, 0.04578024506172206], "DOA": [32.0, 4, 0.001297005614851798], "DPB1": [8.0, 1, 0.00031423591633957654], "H": [8.0, 3, 0.0002227749151421998]}