{"A": [2758.0, 168, 0.10494299279107058], "B": [5850.0, 240, 0.22443444451598976], "C": [1394.0, 123, 0.052897723040997775], "DMA": [1260.0, 2, 0.06697450657840634], "DMB": [1124.0, 4, 0.05929289470076276], "DQA1": [588.0, 32, 0.031987303402290945], "DRA": [1140.0, 7, 0.06225940126000126], "DRB1": [752.0, 39, 0.03922354552078928], "DRB2": [2.0, 1, 0.0001628823978793508], "DRB3": [100.0, 5, 0.005215897010743256], "DRB5": [336.0, 3, 0.01752541395609734], "F": [6414.0, 5, 0.2574184966854246], "K": [36.0, 7, 0.0013760805690923377], "L": [94.0, 3, 0.0035832641380191856], "P": [40.0, 1, 0.000791275285152528], "DQB1": [152.0, 27, 0.008079464285649018], "G": [4.0, 1, 0.00016432383502872557], "E": [1490.0, 14, 0.057427314791069814], "DOB": [88.0, 4, 0.004467292205264527], "DOA": [32.0, 4, 0.0017754830302705328]}