{"A": [2822.0, 165, 0.07253905207879163], "B": [5384.0, 266, 0.1395386054080692], "C": [2730.0, 200, 0.06998299663416001], "DMA": [2034.0, 2, 0.07303745122259667], "DOB": [60.0, 6, 0.0020576363423607056], "DQA1": [8080.0, 31, 0.29693907237161277], "DRA": [1228.0, 8, 0.045305834936575015], "DRB2": [4.0, 1, 0.00022006948794838996], "DRB3": [82.0, 5, 0.0028893392884010525], "DRB4": [262.0, 3, 0.009231791384891169], "K": [64.0, 9, 0.0016526352763772962], "L": [100.0, 2, 0.0025751744369873187], "P": [30.0, 1, 0.00040090783848552574], "Y": [2.0, 1, 6.850464036257527e-05], "H": [22.0, 7, 0.0005665383761372101], "DRB1": [1394.0, 35, 0.04911876790281789], "E": [1746.0, 14, 0.04546028602776683], "F": [5726.0, 5, 0.155245071215212], "DQB1": [194.0, 19, 0.006966207245419741], "DMB": [706.0, 3, 0.025159194130736105], "DOA": [24.0, 5, 0.0008995669108966059], "DPB1": [4.0, 1, 0.00014529684339449685]}