{"A": [3100.0, 150, 0.09873351205871594], "B": [4584.0, 221, 0.14720479645911164], "C": [1710.0, 180, 0.05431427956145554], "DMA": [3048.0, 2, 0.13561185247515098], "DOA": [42.0, 5, 0.001950561042753607], "DOB": [26.0, 4, 0.0011047874817748688], "DRA": [1870.0, 9, 0.08548411173083666], "DRB1": [1246.0, 40, 0.0543989801923506], "DRB2": [2.0, 1, 0.00013633829622143007], "DRB3": [130.0, 4, 0.00567565603933032], "DRB5": [646.0, 3, 0.028203644626210663], "F": [7438.0, 6, 0.24986802058709578], "L": [82.0, 3, 0.0026164264456435575], "P": [34.0, 1, 0.0005629764589711607], "DQB1": [304.0, 33, 0.013525591585448131], "E": [1556.0, 14, 0.05019789922335779], "DQA1": [800.0, 23, 0.03642788852166335], "DMB": [712.0, 3, 0.03143837166960522], "K": [52.0, 7, 0.0016637513220507175], "J": [2.0, 1, 6.387355795579327e-05], "H": [10.0, 2, 0.00031907639581018986], "DPB1": [8.0, 2, 0.00036005943866972265], "G": [4.0, 1, 0.00013754482981630998]}