{"A": [3368.0, 195, 0.11056772724630924], "B": [6900.0, 239, 0.2283914548103274], "C": [2936.0, 200, 0.09612301228538997], "DMA": [526.0, 2, 0.024122473502917526], "DMB": [1050.0, 4, 0.04778842940324786], "DOB": [32.0, 7, 0.001401550604404228], "DRA": [926.0, 5, 0.04363230851777996], "DRB1": [1074.0, 29, 0.0483315146041708], "DRB3": [36.0, 6, 0.0016200507688548874], "E": [6098.0, 14, 0.20277610548304015], "F": [4430.0, 6, 0.15339515289058991], "K": [26.0, 6, 0.0008574559650343571], "L": [148.0, 3, 0.004867543049123306], "P": [148.0, 1, 0.002525959839885958], "Y": [4.0, 1, 0.00017498121168456912], "DQB1": [420.0, 29, 0.019261290629706006], "DQA1": [294.0, 25, 0.01379890899018782], "J": [4.0, 2, 0.00013167535929505477], "DOA": [2.0, 1, 9.574005207708165e-05], "H": [2.0, 1, 6.577760877193658e-05], "G": [2.0, 1, 7.088717720161504e-05]}