{"A": [4260.0, 233, 0.07270647064147712], "B": [9354.0, 274, 0.16096642187251387], "C": [5194.0, 233, 0.0884057332740598], "DMA": [2670.0, 2, 0.06365822424135781], "DQA1": [9972.0, 52, 0.24332506843885013], "DRA": [3844.0, 5, 0.0941646178508485], "DRB1": [3620.0, 18, 0.0846918966453077], "DRB2": [2.0, 1, 7.305979258924477e-05], "DRB4": [372.0, 3, 0.008703145180125542], "F": [5730.0, 6, 0.103150110335331], "G": [4.0, 1, 7.370633942631774e-05], "H": [60.0, 12, 0.001025903474405545], "K": [40.0, 9, 0.0006858128746254817], "L": [124.0, 3, 0.0021202005137714594], "P": [70.0, 1, 0.000621112015123054], "Y": [2.0, 1, 4.5485040774614766e-05], "DQB1": [890.0, 38, 0.0212194080804526], "V": [2.0, 1, 7.24945330721133e-05], "E": [2056.0, 14, 0.03554345429800229], "DMB": [692.0, 3, 0.0163736957891487], "DOB": [82.0, 3, 0.0018671526336932994], "DPA1": [2.0, 1, 4.7866760661919e-05], "J": [4.0, 1, 6.845602483704579e-05], "DOA": [6.0, 2, 0.0001493214087580979], "DPB1": [10.0, 4, 0.00024118194078688913]}