{"A": [3886.0, 218, 0.06624262705718652], "B": [9402.0, 255, 0.16159557281315734], "C": [5662.0, 268, 0.09625418859119172], "DMA": [2692.0, 2, 0.06410465995164505], "DQA1": [9714.0, 54, 0.2367412685355529], "DRA": [3630.0, 6, 0.08881417401394334], "DRB1": [3510.0, 16, 0.08201847530584701], "DRB4": [452.0, 3, 0.010561923315738705], "DRB5": [6.0, 2, 0.00014020252189033677], "F": [6222.0, 6, 0.11187070333854338], "H": [64.0, 14, 0.0010929656451013116], "K": [48.0, 11, 0.0008219741631045545], "L": [148.0, 2, 0.002527483054296783], "P": [62.0, 1, 0.000549458462919658], "Y": [10.0, 1, 0.00022714850330533931], "DQB1": [868.0, 43, 0.020669704620366977], "E": [2086.0, 15, 0.03601820894699527], "DMB": [736.0, 3, 0.01739360983694057], "DOB": [76.0, 4, 0.001728426229768356], "DOA": [16.0, 3, 0.00039770595850964057], "DPB1": [8.0, 2, 0.00019271080228942043], "G": [2.0, 1, 3.680833170572263e-05]}