{"A": [3892.0, 260, 0.0674225979877026], "B": [9254.0, 265, 0.16163544642738312], "C": [4862.0, 255, 0.08399677794899121], "DMA": [2750.0, 2, 0.06654955249231412], "DQA1": [10910.0, 53, 0.27020819862937573], "DRA": [2536.0, 6, 0.06305547559582639], "DRB1": [3108.0, 16, 0.07380460932418306], "DRB4": [316.0, 3, 0.007503943547761213], "F": [6844.0, 6, 0.12505304266328343], "H": [62.0, 11, 0.0010760095527722136], "K": [24.0, 7, 0.0004176630651967108], "L": [164.0, 2, 0.0028462188170103714], "P": [54.0, 1, 0.000486334229680403], "Y": [2.0, 1, 4.616765071399725e-05], "DQB1": [674.0, 27, 0.01631069031993444], "E": [2296.0, 16, 0.0402881748415195], "DMB": [622.0, 3, 0.014938266215368427], "DOB": [150.0, 4, 0.0034667810621203292], "DPB1": [8.0, 2, 0.00019584115412269622], "DRB5": [2.0, 1, 4.74933135934254e-05], "DOA": [22.0, 6, 0.0005557285339597226], "DRB3": [4.0, 1, 9.49866271868508e-05]}