{"A": [4006.0, 231, 0.06738314883304121], "B": [8998.0, 271, 0.1526022039881582], "C": [5062.0, 256, 0.08491365185041563], "DMA": [3620.0, 2, 0.0850606547734438], "DQA1": [9952.0, 52, 0.2393270812240935], "DRA": [3372.0, 6, 0.08140832662633057], "DRB1": [3696.0, 16, 0.08522012039974945], "DRB3": [6.0, 2, 0.0001383443512982946], "DRB4": [350.0, 3, 0.008070087159067183], "F": [6416.0, 5, 0.11382989172299332], "H": [34.0, 6, 0.0005729425278676634], "K": [34.0, 8, 0.0005745151057117649], "L": [134.0, 2, 0.0022580676098313793], "P": [36.0, 1, 0.000314812003948676], "Y": [4.0, 1, 8.965519853554527e-05], "DQB1": [852.0, 39, 0.020019800515738706], "E": [2204.0, 15, 0.03755130245378451], "DMB": [710.0, 3, 0.01655677946693037], "DOB": [134.0, 6, 0.0030070985423756883], "DPB1": [16.0, 4, 0.0003803134290516824], "DPA1": [2.0, 1, 4.717489373773264e-05], "DOA": [26.0, 5, 0.000637706830486561], "G": [2.0, 1, 3.632049340869681e-05]}