{"A": [2342.0, 149, 0.09196608411549398], "B": [4260.0, 219, 0.16866495838304665], "C": [2100.0, 188, 0.08223848855419304], "DMA": [1534.0, 2, 0.08414841841014628], "DMB": [704.0, 4, 0.03832574641192234], "DOB": [56.0, 6, 0.002933805618409608], "DRA": [1302.0, 8, 0.07338253210047484], "DRB1": [750.0, 51, 0.04037122164177213], "DRB3": [136.0, 4, 0.007320648191041346], "DRB5": [420.0, 3, 0.02260788411939239], "F": [6886.0, 7, 0.2852065091417477], "H": [14.0, 5, 0.0005507577609377526], "K": [26.0, 4, 0.0010256432594224413], "L": [172.0, 3, 0.006766452491520961], "P": [38.0, 1, 0.0007757697249572349], "Y": [2.0, 1, 0.00010465161338206949], "DQB1": [228.0, 35, 0.012507066100073893], "E": [1296.0, 15, 0.05154883604112802], "DQA1": [498.0, 25, 0.027958332587603503], "DOA": [24.0, 7, 0.0013742299510251038], "DPB1": [4.0, 1, 0.00022196378230843054]}