{"A": [6954.0, 232, 0.16295968533326133], "B": [10598.0, 317, 0.2504055016908661], "C": [3484.0, 235, 0.08142141742450631], "DMA": [1618.0, 2, 0.05296680812961367], "DOA": [50.0, 6, 0.0017085309848318445], "DOB": [108.0, 6, 0.003376538853231226], "DQA1": [808.0, 27, 0.027070605622795056], "DRB1": [2880.0, 46, 0.09251407328204073], "DRB2": [20.0, 1, 0.0010031374905094571], "DRB3": [144.0, 5, 0.0046257036641020365], "E": [4218.0, 17, 0.1001209874833506], "F": [3616.0, 5, 0.08937694860686682], "G": [6.0, 2, 0.00015180222201514795], "K": [10.0, 4, 0.00023541149708662014], "L": [238.0, 3, 0.005587457516709018], "P": [182.0, 1, 0.0022173043309400096], "Y": [2.0, 1, 6.245261318341645e-05], "DRA": [2206.0, 7, 0.07419794960684717], "DQB1": [266.0, 22, 0.008707769445288773], "DMB": [1266.0, 3, 0.04112977703985424], "H": [4.0, 2, 9.390684902031963e-05], "DPB1": [2.0, 1, 6.623031307996803e-05]}