{"A": [4636.0, 218, 0.1545310313291921], "B": [5078.0, 142, 0.1706630224205388], "C": [2692.0, 185, 0.0894874952685039], "DMA": [966.0, 3, 0.044981009320208785], "DOB": [112.0, 6, 0.0049807277476442285], "DRA": [1482.0, 5, 0.0709024731980999], "DRB1": [1062.0, 46, 0.04852511983193435], "DRB3": [106.0, 5, 0.00484337354254712], "E": [2860.0, 13, 0.09656313717259186], "H": [20.0, 4, 0.0006678732625637384], "L": [282.0, 2, 0.00941701300214871], "P": [66.0, 1, 0.001143732962140402], "Y": [2.0, 1, 8.883362812740985e-05], "DQB1": [296.0, 30, 0.013783000785488405], "F": [6800.0, 4, 0.23907424837824348], "DQA1": [328.0, 31, 0.01563101714925216], "DMB": [654.0, 3, 0.030222277060194865], "K": [24.0, 3, 0.0008036476806256438], "DOA": [74.0, 10, 0.0035967591691214765], "DPB1": [2.0, 1, 9.420709083267146e-05]}