{"A": [6124.0, 167, 0.09666374101217663], "B": [5392.0, 209, 0.08581293591882647], "C": [9390.0, 309, 0.14781177432346757], "DMA": [1262.0, 3, 0.027827075468059775], "DQA1": [4840.0, 34, 0.10922320058543371], "DRA": [3170.0, 8, 0.07181721903993775], "DRB1": [1964.0, 28, 0.04249518500878038], "DRB3": [216.0, 5, 0.00467360486858277], "E": [4758.0, 17, 0.07607218883993686], "F": [16586.0, 5, 0.27613514734141575], "H": [14.0, 5, 0.00022138502380832315], "K": [34.0, 8, 0.000539125050790312], "L": [224.0, 3, 0.0035421603809331704], "P": [192.0, 1, 0.0015755713382722219], "Y": [58.0, 4, 0.001219920526477764], "DQB1": [496.0, 18, 0.010936790358286567], "DMB": [1472.0, 3, 0.03221168069356543], "DOB": [136.0, 7, 0.0028639790061424594], "DRB4": [298.0, 3, 0.0064478437538780815], "DOA": [80.0, 10, 0.0018413051496408437], "G": [4.0, 2, 6.816631158699878e-05]}