{"A": [9406.0, 278, 0.15163089092702395], "B": [19868.0, 261, 0.3229321797362063], "C": [9448.0, 128, 0.15189295042040504], "DMA": [1358.0, 2, 0.03058174596030017], "DOB": [80.0, 6, 0.0017205813226724264], "DQA1": [398.0, 23, 0.00917290518500397], "DRA": [7368.0, 8, 0.1704799206147992], "DRB1": [3210.0, 45, 0.07093450929581298], "DRB3": [220.0, 5, 0.004861555154230174], "DRB5": [6.0, 1, 0.0001325878678426411], "E": [2168.0, 14, 0.03540096071398517], "H": [12.0, 3, 0.00019380087982108672], "K": [22.0, 3, 0.00035627682328804845], "L": [38.0, 4, 0.0006137027861001079], "P": [74.0, 1, 0.0006201872852355356], "Y": [10.0, 1, 0.0002148116548178712], "DQB1": [570.0, 22, 0.012836226213086227], "F": [1318.0, 6, 0.02241040644622116], "DMB": [570.0, 3, 0.012738982075108303], "DOA": [2.0, 1, 4.7013228039820946e-05], "DPB1": [10.0, 3, 0.00022780540999990458]}