{"A": [4702.0, 224, 0.1272997388327936], "B": [6792.0, 183, 0.18540311453642863], "C": [4248.0, 205, 0.11469498187077033], "DMA": [1282.0, 3, 0.04848559250182054], "DOB": [86.0, 7, 0.003106317504689723], "DRA": [3926.0, 6, 0.15255838693977739], "DRB1": [2110.0, 54, 0.0783063835382929], "DRB2": [6.0, 1, 0.0003476811242159176], "DRB3": [182.0, 5, 0.006754389480554174], "E": [2486.0, 12, 0.06817404612127853], "F": [4358.0, 5, 0.12444679732273661], "G": [6.0, 2, 0.00017537897416201152], "H": [50.0, 10, 0.0013561467208239486], "K": [52.0, 9, 0.0014142637495553243], "L": [172.0, 3, 0.004665144719634383], "P": [64.0, 1, 0.0009008101854685137], "Y": [18.0, 2, 0.0006493704492333704], "DQB1": [574.0, 38, 0.021708837828428227], "DQA1": [820.0, 45, 0.03173948387861716], "DMB": [704.0, 3, 0.026423765440409735], "J": [2.0, 1, 5.4295408439198086e-05], "DRB5": [2.0, 1, 7.422406022587004e-05], "DOA": [30.0, 7, 0.001184332116353026], "DPB1": [2.0, 1, 7.651669529076178e-05]}