{"A": [5388.0, 209, 0.14206773997534927], "B": [8004.0, 271, 0.21278912317094137], "C": [5186.0, 240, 0.1363689254056603], "DMA": [710.0, 2, 0.026152067437105263], "DMB": [680.0, 4, 0.024857300120543498], "DOB": [66.0, 7, 0.0023217439638000318], "DQA1": [376.0, 27, 0.01417414429667756], "DRA": [2424.0, 5, 0.09173633915767083], "DRB1": [2072.0, 39, 0.07489062582252841], "DRB3": [86.0, 5, 0.0031083947011281096], "E": [5054.0, 17, 0.13498209991440696], "F": [3636.0, 6, 0.10112146895622219], "K": [20.0, 6, 0.0005297610918537875], "L": [196.0, 3, 0.005177447955549872], "P": [176.0, 1, 0.002412620305817457], "DQB1": [738.0, 34, 0.027183416575469976], "DPA1": [2.0, 1, 7.395004768789142e-05], "H": [2.0, 1, 5.2831101587243584e-05]}