{"A": [3488.0, 143, 0.10678073836576456], "B": [4180.0, 206, 0.1290230147684749], "C": [2056.0, 183, 0.06277035354948719], "DMA": [3268.0, 2, 0.13975851752401974], "DOA": [68.0, 6, 0.0030355173531186586], "DOB": [30.0, 4, 0.0012252937067927685], "DQA1": [938.0, 24, 0.04105446545172052], "DRA": [2624.0, 8, 0.11529784205192753], "DRB1": [1446.0, 40, 0.06068125585178479], "DRB2": [6.0, 1, 0.0003931449203471534], "DRB3": [178.0, 5, 0.007469753486595915], "DRB5": [808.0, 3, 0.03390764504027809], "F": [6268.0, 7, 0.2023937241526651], "H": [8.0, 4, 0.000245356866348041], "K": [58.0, 10, 0.0017837197255274784], "L": [66.0, 2, 0.002024194147371338], "P": [32.0, 1, 0.0005093013740860851], "V": [10.0, 2, 0.0006501719669184065], "DQB1": [364.0, 33, 0.01556673818198996], "E": [1296.0, 14, 0.04018782503120607], "DMB": [812.0, 3, 0.03446272631315843], "DPB1": [18.0, 4, 0.0007787001704173347]}