{"A": [4358.0, 239, 0.06668777946272507], "B": [8728.0, 264, 0.13466298244395425], "C": [5788.0, 259, 0.08832884964359604], "DMA": [4346.0, 2, 0.09290274512563643], "DQA1": [10872.0, 59, 0.23785352640318577], "DRA": [3732.0, 6, 0.08196747763544146], "DRB1": [4550.0, 16, 0.09544215824122675], "DRB4": [470.0, 3, 0.009858860301841004], "DRB5": [4.0, 2, 8.390519405822132e-05], "F": [6438.0, 7, 0.10391102140173147], "H": [18.0, 4, 0.00027594550363399523], "K": [32.0, 12, 0.0004919162703797642], "L": [74.0, 1, 0.0011344426260508692], "P": [46.0, 1, 0.00036595298061898945], "Y": [6.0, 1, 0.00012234477021960306], "DQB1": [972.0, 34, 0.020778064487371975], "E": [2546.0, 15, 0.039463035489358256], "DMB": [1076.0, 3, 0.022826980124407686], "DOB": [104.0, 5, 0.0021232194063870195], "J": [2.0, 1, 3.068861207334944e-05], "DOA": [24.0, 2, 0.0005355223939492851], "G": [4.0, 1, 6.608462186886458e-05], "DPB1": [4.0, 1, 8.649686028395787e-05]}