{"A": [4578.0, 238, 0.12484168757444446], "B": [6812.0, 192, 0.18729791464454165], "C": [4508.0, 218, 0.12259782652987215], "DMA": [1112.0, 3, 0.04236121652951746], "DOB": [74.0, 8, 0.002692266622182895], "DRA": [3156.0, 5, 0.12352695667299747], "DRB1": [1620.0, 49, 0.06055760361527089], "DRB3": [124.0, 5, 0.0046352733631441915], "F": [5712.0, 5, 0.1642947370834029], "H": [36.0, 9, 0.0009835085258684507], "K": [32.0, 8, 0.0008766293336194546], "L": [190.0, 3, 0.005190739442083489], "P": [90.0, 1, 0.0012759532958710011], "Y": [16.0, 1, 0.000581405255853194], "DQB1": [488.0, 35, 0.018590174160435718], "E": [3060.0, 11, 0.08452366630065024], "DQA1": [612.0, 33, 0.023860326632787723], "DMB": [802.0, 3, 0.030320430912253123], "DPA1": [2.0, 1, 7.648115115310216e-05], "DRB4": [6.0, 1, 0.0002242874207972996], "J": [2.0, 1, 5.468926150947853e-05], "DOA": [16.0, 3, 0.0006362256717437342]}