{"A": [8326.0, 194, 0.1948524672530008], "B": [9872.0, 265, 0.23294270255680016], "C": [3186.0, 164, 0.07435844434803231], "DMA": [1024.0, 2, 0.03347720975540093], "DOA": [44.0, 9, 0.0015015145436234041], "DOB": [144.0, 7, 0.004496084861211007], "DQA1": [518.0, 18, 0.017331668850570647], "DRB1": [1136.0, 27, 0.036443296808869846], "DRB2": [4.0, 1, 0.0002003615898189657], "DRB3": [152.0, 5, 0.004876215770200895], "E": [3420.0, 12, 0.08107158553362144], "F": [9208.0, 7, 0.22729319002742734], "H": [32.0, 11, 0.0007502590918038642], "K": [42.0, 6, 0.0009874178440620847], "L": [296.0, 3, 0.0069398965991857445], "P": [186.0, 1, 0.0022630329281896388], "DRA": [1490.0, 7, 0.05004914653919046], "DQB1": [174.0, 12, 0.005688510251406017], "DMB": [746.0, 3, 0.02420390773375585], "J": [6.0, 2, 0.0001408020487357937], "DPB1": [4.0, 2, 0.00013228506509283062]}