{"A": [3164.0, 203, 0.10349122970566728], "B": [7108.0, 265, 0.2344169181474484], "C": [1964.0, 124, 0.06406540517293201], "DMA": [1026.0, 2, 0.046880715074832026], "DMB": [1120.0, 4, 0.050788133644776384], "DQA1": [512.0, 33, 0.023942977289680294], "DRA": [1464.0, 8, 0.0687304289256705], "DRB1": [904.0, 42, 0.04053268065518911], "DRB2": [4.0, 1, 0.00028003482210152387], "DRB3": [98.0, 4, 0.0043940295400536865], "DRB5": [318.0, 3, 0.014258177487112986], "K": [18.0, 7, 0.0005914550657103091], "L": [96.0, 3, 0.0031457926366003307], "P": [30.0, 1, 0.0005101486638426199], "DQB1": [176.0, 19, 0.008041916036228496], "E": [1716.0, 14, 0.05685352725427775], "F": [7924.0, 4, 0.27337774069658016], "DOB": [56.0, 4, 0.0024437546686915486], "DOA": [60.0, 5, 0.002861710433029517], "H": [12.0, 3, 0.00039322407957504134]}