{"A": [4606.0, 228, 0.13178842336399046], "B": [8298.0, 268, 0.23938736237511968], "C": [3808.0, 218, 0.10865889635616127], "DMA": [538.0, 2, 0.021503809226396234], "DMB": [1138.0, 4, 0.045141163566699026], "DOB": [20.0, 4, 0.000763459193717221], "DQB1": [564.0, 29, 0.022543026772653303], "DRA": [1256.0, 5, 0.05158030111340959], "DRB1": [1434.0, 34, 0.056243495515579105], "DRB2": [4.0, 1, 0.00024496176079113953], "DRB3": [36.0, 3, 0.0014119705987174671], "DRB7": [2.0, 1, 7.883650143403675e-05], "E": [5922.0, 12, 0.1716306272644905], "F": [4302.0, 6, 0.12983008619014083], "H": [8.0, 4, 0.00022931639285739887], "K": [16.0, 3, 0.00045989161312298113], "L": [220.0, 3, 0.006306200803578469], "P": [148.0, 1, 0.0022015242337010505], "DQA1": [218.0, 21, 0.00891766066286338], "DPA1": [2.0, 1, 8.024609405226986e-05], "DOA": [22.0, 4, 0.0009178746455142101], "DPB1": [2.0, 1, 8.086575501020244e-05]}