{"A": [5100.0, 192, 0.1380667649961139], "B": [8846.0, 280, 0.24145731580778815], "C": [2778.0, 211, 0.07500085867193931], "DMA": [1770.0, 2, 0.06693789230637816], "DOA": [42.0, 7, 0.001657966027279324], "DQA1": [826.0, 26, 0.03196981627341082], "DRA": [2102.0, 8, 0.08167564817223398], "DRB1": [2592.0, 36, 0.09618864219901105], "DRB2": [20.0, 1, 0.0011588679277279596], "DRB3": [114.0, 5, 0.0042305189856046525], "E": [3596.0, 18, 0.09860790091975545], "F": [3622.0, 7, 0.1034234520826289], "K": [28.0, 4, 0.0007614811945967252], "L": [156.0, 2, 0.00423092529745498], "P": [138.0, 1, 0.0019422560623951982], "Y": [4.0, 2, 0.00014429593371952508], "DQB1": [238.0, 29, 0.009000688344021469], "DMB": [1086.0, 3, 0.04075922867171373], "DOB": [72.0, 6, 0.0026004827325978083], "H": [4.0, 2, 0.00010848526403730717], "DPB1": [2.0, 1, 7.651212959130545e-05]}