{"A": [2774.0, 160, 0.10823171697069094], "B": [3040.0, 223, 0.11959034955665612], "C": [1670.0, 136, 0.06497998154017326], "DMA": [952.0, 2, 0.051887749395328184], "DMB": [312.0, 4, 0.01687640130256759], "DOA": [10.0, 2, 0.0005689255725658703], "DQA1": [5124.0, 27, 0.2858237629260576], "DQB1": [178.0, 26, 0.0097017010424038], "DRA": [728.0, 6, 0.04076809098973191], "DRB1": [530.0, 33, 0.02834613068106282], "DRB3": [30.0, 5, 0.0016044979630790276], "E": [4598.0, 14, 0.18171472290972118], "F": [1766.0, 7, 0.0726758970746349], "H": [14.0, 2, 0.000547227498721661], "K": [8.0, 3, 0.0003135597117234038], "L": [92.0, 3, 0.0035960664201709156], "P": [98.0, 1, 0.001987845345735125], "Y": [6.0, 1, 0.0003119424437927916], "DOB": [44.0, 4, 0.0022903574811971345], "DRB4": [144.0, 2, 0.007701590222779333], "J": [8.0, 1, 0.0003129869999211692], "G": [4.0, 1, 0.00016849595128499525]}