{"A": [4098.0, 225, 0.13326957511425788], "B": [7204.0, 282, 0.2362148646044228], "C": [3634.0, 225, 0.11785798266933428], "DMA": [408.0, 2, 0.01853527424722346], "DMB": [954.0, 4, 0.04301150036713654], "DOB": [22.0, 6, 0.0009545182685386681], "DRA": [1096.0, 6, 0.05115764197076809], "DRB1": [934.0, 21, 0.04163664803636593], "DRB3": [46.0, 4, 0.002050627205217166], "F": [3782.0, 7, 0.1297275434196882], "L": [198.0, 2, 0.006450836510096637], "P": [124.0, 1, 0.0020964725021717493], "DQB1": [408.0, 31, 0.01853527424722346], "E": [5692.0, 12, 0.18749815922767896], "DQA1": [210.0, 26, 0.009763813467775688], "K": [6.0, 3, 0.000196016435583629], "DOA": [22.0, 3, 0.0010432517065170302]}