{"A": [2808.0, 157, 0.07981769382180567], "B": [5004.0, 287, 0.14341475437912488], "C": [2818.0, 192, 0.07988368343802109], "DMA": [1546.0, 2, 0.0613891126244471], "DOB": [106.0, 7, 0.004019855502475273], "DQA1": [7004.0, 39, 0.28463567357107655], "DRA": [1264.0, 8, 0.05156915924615807], "DRB1": [1306.0, 46, 0.050887963731297184], "DRB3": [84.0, 6, 0.0032730390148766947], "DRB4": [146.0, 3, 0.005688853525857112], "F": [5376.0, 4, 0.16118066480176646], "H": [2.0, 1, 5.6953950532591075e-05], "K": [26.0, 7, 0.0007424335655886163], "L": [98.0, 1, 0.0027907435760969627], "P": [34.0, 1, 0.0005024460257212295], "DQB1": [198.0, 17, 0.007862253751384557], "E": [1452.0, 14, 0.04180630131271272], "DMB": [486.0, 3, 0.0191520602745504], "DOA": [32.0, 2, 0.0013263538865066627]}