{"A": [3026.0, 190, 0.07679507971605093], "B": [4534.0, 263, 0.11601668393147581], "C": [1680.0, 138, 0.04251956127350915], "DMA": [1344.0, 2, 0.047647874770619415], "DMB": [598.0, 4, 0.021039858483161887], "DQA1": [11906.0, 44, 0.4319877883736067], "DQB1": [388.0, 33, 0.013755487656994296], "DRA": [1010.0, 7, 0.03678974271067142], "DRB1": [1048.0, 40, 0.03645822984388264], "DRB2": [6.0, 1, 0.0003259122595525868], "DRB3": [10.0, 2, 0.000347883872556132], "DRB7": [2.0, 1, 6.992596785883606e-05], "F": [1728.0, 6, 0.04625512091771123], "H": [14.0, 2, 0.0003559461447850789], "L": [140.0, 3, 0.003559461447850789], "P": [60.0, 1, 0.0007916334713564254], "Y": [10.0, 1, 0.00033817352174449243], "E": [4428.0, 12, 0.113826961248203], "DOB": [20.0, 3, 0.0006771688503462011], "DRB4": [276.0, 3, 0.009601594882549244], "K": [14.0, 2, 0.0003569231241394752], "DPA1": [2.0, 1, 7.117624059194426e-05], "DOA": [2.0, 1, 7.401194738843605e-05], "J": [2.0, 1, 5.089588710821219e-05], "DPB1": [8.0, 3, 0.0002869034562856749]}