{"A": [2628.0, 104, 0.0611327842739224], "B": [2624.0, 132, 0.061544196523272046], "C": [3848.0, 184, 0.08926863615299452], "DMA": [1562.0, 3, 0.05075860043211574], "DQA1": [6394.0, 33, 0.21264861926989737], "DQB1": [380.0, 19, 0.012348443126891154], "DRA": [2204.0, 8, 0.07358703598283842], "DRB3": [144.0, 6, 0.004591780625777148], "DRB7": [4.0, 1, 0.00012818960969076732], "E": [2012.0, 15, 0.04740780518315627], "F": [11532.0, 5, 0.28294697776807903], "H": [14.0, 4, 0.0003262636097010907], "L": [124.0, 3, 0.0028897634002096606], "P": [84.0, 1, 0.0010158662392965778], "Y": [32.0, 3, 0.000991913775956714], "DRB1": [1772.0, 26, 0.056504411589424354], "DMB": [926.0, 3, 0.029863242463131146], "DOB": [84.0, 5, 0.0026069374208923116], "DRB4": [236.0, 2, 0.007525418247801437], "K": [18.0, 5, 0.00042063315201824056], "DOA": [44.0, 5, 0.0014924811529335418]}