{"A": [4880.0, 227, 0.13814274860449688], "B": [7488.0, 271, 0.2137216738740646], "C": [4208.0, 213, 0.11879523558468451], "DMA": [712.0, 2, 0.02815581212015318], "DMB": [838.0, 4, 0.03288739299163875], "DOB": [28.0, 4, 0.0010574718301437792], "DRA": [1986.0, 6, 0.0806916172730973], "DRB1": [1768.0, 26, 0.06860572458785126], "DRB3": [72.0, 5, 0.002793898286383083], "E": [5498.0, 16, 0.15764712837748418], "F": [3608.0, 6, 0.107727457557282], "G": [10.0, 3, 0.00030562555000994884], "K": [32.0, 6, 0.0009099979779985157], "L": [128.0, 2, 0.0036300284304831296], "P": [182.0, 1, 0.0026784780091638955], "DQB1": [690.0, 32, 0.027285829161384403], "DQA1": [338.0, 27, 0.013679369832515609], "J": [6.0, 2, 0.0001703129777315715], "H": [16.0, 5, 0.0004537535538103912], "DOA": [16.0, 1, 0.0006604434196230926]}