{"A": [21296.0, 313, 0.19300438612207454], "B": [23962.0, 419, 0.21896094801932783], "C": [19602.0, 387, 0.17716769974532515], "DMA": [1264.0, 2, 0.016002801143414132], "DOA": [10.0, 3, 0.0001321528411535662], "DQA1": [7660.0, 47, 0.09925194592668578], "DQB1": [510.0, 53, 0.00645682641071298], "DRA": [4982.0, 9, 0.06480578396525245], "DRB1": [1564.0, 34, 0.019430130312587477], "DRB5": [536.0, 3, 0.006658919339863738], "E": [7568.0, 17, 0.06947416277612474], "F": [11412.0, 10, 0.10908939021163366], "H": [26.0, 7, 0.0002360664529292444], "K": [88.0, 10, 0.0008011871789752892], "L": [308.0, 3, 0.002796479519315665], "P": [300.0, 1, 0.0014135097924522068], "Y": [10.0, 2, 0.0001207658851803827], "G": [8.0, 3, 7.827814307857255e-05], "DMB": [608.0, 3, 0.007639235144986147], "J": [4.0, 2, 3.6351082881693274e-05], "DOB": [54.0, 4, 0.0006529281685281055], "DRB4": [462.0, 3, 0.005739590923539267], "DRB3": [2.0, 1, 2.4846713954715442e-05], "DPB1": [2.0, 1, 2.561418002281476e-05]}