{"A": [16450.0, 370, 0.16383045235727062], "B": [29940.0, 371, 0.3006456915352585], "C": [14836.0, 190, 0.14735354005931986], "DMA": [2262.0, 2, 0.03147031737696129], "DQA1": [624.0, 23, 0.008884938742202435], "DRA": [12132.0, 9, 0.17342113917811955], "DRB1": [5454.0, 50, 0.07445839761831877], "DRB2": [22.0, 1, 0.00046896062936800973], "DRB3": [442.0, 7, 0.00603421557522862], "DRB5": [12.0, 2, 0.00016382485724602587], "DRB7": [4.0, 1, 5.488235493687441e-05], "E": [3836.0, 17, 0.03869727506680504], "H": [34.0, 9, 0.0003392340451823501], "L": [138.0, 3, 0.0013768911245636564], "P": [124.0, 1, 0.0006420352004854906], "Y": [10.0, 2, 0.00013271006336374063], "DQB1": [826.0, 21, 0.011491813507236971], "F": [2256.0, 5, 0.023698422289110992], "DMB": [1008.0, 3, 0.013917666281491926], "DOB": [146.0, 5, 0.0019399211984096538], "DRB4": [4.0, 1, 5.4608285748675294e-05], "K": [52.0, 7, 0.0005202525887474435], "J": [4.0, 1, 3.9946335054510415e-05], "DOA": [8.0, 2, 0.0001161785840230781], "DPB1": [16.0, 3, 0.00022518011266249116], "G": [2.0, 1, 2.150503288332788e-05]}