{"A": [3214.0, 157, 0.10004970509273128], "B": [4804.0, 235, 0.15078127088201076], "C": [2328.0, 185, 0.07227164459716559], "DMA": [2682.0, 2, 0.11662952530613459], "DOA": [38.0, 4, 0.0017248880004929958], "DOB": [114.0, 5, 0.004734534621037276], "DRA": [2468.0, 8, 0.11026965117537618], "DRB1": [1328.0, 48, 0.056667994029995006], "DRB2": [2.0, 1, 0.00013325542878539303], "DRB3": [200.0, 5, 0.008534336450300453], "DRB5": [632.0, 3, 0.02696850318294943], "DRB7": [2.0, 1, 8.577168753689664e-05], "F": [6532.0, 8, 0.21447058040529973], "K": [18.0, 5, 0.0005628914132682155], "L": [76.0, 2, 0.0023701471977577116], "P": [38.0, 1, 0.0006149813751757699], "Y": [2.0, 1, 8.296120748410998e-05], "DQB1": [296.0, 36, 0.012871864090460788], "E": [1554.0, 14, 0.048999766761334364], "DQA1": [852.0, 24, 0.03791845689570602], "DMB": [724.0, 3, 0.031245369517702272], "J": [8.0, 1, 0.00024971702271016117], "DRB4": [4.0, 1, 0.00017068672900600907], "H": [20.0, 4, 0.0006237229467783451], "DPB1": [22.0, 3, 0.00096777398280048]}