{"A": [2620.0, 165, 0.06354698268071084], "B": [4176.0, 188, 0.10212418257620061], "C": [2344.0, 168, 0.056697808338407714], "DMA": [2954.0, 2, 0.10008844179099129], "DMB": [1172.0, 4, 0.03940927208370385], "DQA1": [1046.0, 39, 0.03627157779930913], "DRA": [1298.0, 7, 0.045186555857147044], "DRB1": [2260.0, 37, 0.07514012378731277], "DRB3": [172.0, 8, 0.0057186288900078755], "F": [16104.0, 4, 0.4119827341520572], "H": [36.0, 6, 0.0008747580136663295], "K": [42.0, 7, 0.0010233521623739066], "L": [96.0, 2, 0.0023326880364435455], "P": [60.0, 1, 0.0007565773224260551], "Y": [2.0, 1, 6.4639615896595e-05], "V": [6.0, 1, 0.000309069884905963], "DQB1": [362.0, 19, 0.012265408235727436], "E": [1730.0, 13, 0.04250233637127034], "DOB": [28.0, 3, 0.0009060542028956499], "DRB5": [2.0, 1, 6.649568476753344e-05], "DRB4": [2.0, 1, 6.649568476753344e-05], "J": [2.0, 1, 4.864204885734638e-05], "DOA": [74.0, 5, 0.0026171747801532383]}