{"A": [6070.0, 186, 0.16877502530653435], "B": [7944.0, 247, 0.22270665068182946], "C": [2726.0, 194, 0.07558930692723594], "DMA": [1728.0, 2, 0.0671186206754952], "DOA": [42.0, 10, 0.0017028490249952715], "DOB": [78.0, 6, 0.0028934541061757875], "DQA1": [802.0, 23, 0.0318812234402528], "DQB1": [294.0, 33, 0.011419487545483558], "DRA": [1890.0, 8, 0.07542619504831997], "DRB1": [2660.0, 40, 0.10138435705621036], "DRB2": [4.0, 1, 0.00023804795615361355], "DRB3": [126.0, 5, 0.004802416913188912], "DRB5": [6.0, 1, 0.00022868651967566247], "DRB7": [4.0, 1, 0.00015322283752422053], "E": [3360.0, 16, 0.09463065061412838], "F": [3482.0, 6, 0.10211742806116492], "H": [8.0, 3, 0.0002228441633335835], "K": [22.0, 7, 0.000614503484251986], "L": [174.0, 3, 0.004846860552505441], "P": [120.0, 1, 0.001734639225948917], "DMB": [812.0, 3, 0.03130060114378935], "J": [2.0, 1, 5.576191849625742e-05], "DPB1": [4.0, 1, 0.00015716679730605373]}