{"A": [5560.0, 230, 0.13892230575959352], "B": [7396.0, 193, 0.1863238949321457], "C": [4688.0, 203, 0.11681532334932107], "DMA": [1540.0, 3, 0.05375238097804472], "DQA1": [626.0, 43, 0.022362103056440413], "DRA": [4400.0, 6, 0.1577941043837279], "DRB1": [2054.0, 66, 0.07035054311633057], "DRB3": [166.0, 8, 0.005685584302488255], "E": [2626.0, 14, 0.06646070914865547], "H": [32.0, 7, 0.0008010118769313327], "K": [32.0, 7, 0.0008032104456694791], "L": [134.0, 2, 0.0033542372346499556], "P": [70.0, 1, 0.0009092926017721922], "Y": [6.0, 1, 0.000199766918336637], "DQB1": [688.0, 44, 0.024014050722658938], "F": [4780.0, 4, 0.12597277563094442], "DMB": [602.0, 3, 0.02085311033397561], "DOB": [94.0, 5, 0.003133484493050335], "DRB5": [6.0, 1, 0.00020550304707788873], "J": [2.0, 1, 5.010896216419753e-05], "DOA": [32.0, 6, 0.001165881828840293], "DPB1": [2.0, 1, 7.061687718120501e-05]}