{"A": [2856.0, 166, 0.10573653734549782], "B": [5482.0, 227, 0.20463521518513536], "C": [1452.0, 124, 0.05361033467912345], "DMA": [1422.0, 2, 0.0735438347747063], "DMB": [1286.0, 5, 0.0660062421107471], "DQA1": [478.0, 34, 0.02530089577796765], "DRA": [1342.0, 7, 0.07131161987293741], "DRB1": [878.0, 32, 0.04455856755067331], "DRB3": [86.0, 5, 0.004364506616580758], "DRB5": [330.0, 3, 0.016747525389205233], "H": [34.0, 7, 0.0012610653241805333], "K": [32.0, 8, 0.001190142700868082], "L": [94.0, 2, 0.0034864747197932396], "P": [68.0, 1, 0.0013088329500964627], "Y": [2.0, 1, 9.866701851098404e-05], "E": [1394.0, 15, 0.05227604373374211], "F": [6652.0, 5, 0.25975907679120763], "DOB": [138.0, 3, 0.006816296481726014], "DQB1": [140.0, 25, 0.007240602579788244], "DOA": [10.0, 3, 0.0005398514160229141], "DPA1": [4.0, 1, 0.00020766698148927423]}