{"A": [7098.0, 207, 0.09403169233469966], "B": [9362.0, 353, 0.12504932578350544], "C": [10060.0, 230, 0.13290804175895993], "DMA": [3698.0, 2, 0.06843605367863073], "DPB1": [6.0, 2, 0.00011232355210560181], "DQA1": [1818.0, 55, 0.03443287265074731], "DRA": [8974.0, 6, 0.17063386480933246], "DRB1": [4582.0, 71, 0.08320763269581628], "DRB3": [474.0, 7, 0.008607686140946511], "DRB5": [6.0, 1, 0.00010895805241704446], "DRB7": [8.0, 1, 0.00014600652444341714], "E": [2644.0, 14, 0.03547911401647034], "F": [12114.0, 5, 0.16926900343116255], "H": [52.0, 11, 0.0006901339414955497], "K": [62.0, 9, 0.0008251105213685974], "L": [100.0, 2, 0.0013271806567222112], "P": [86.0, 1, 0.0005923046400568595], "Y": [40.0, 5, 0.0007061116503725939], "DQB1": [1480.0, 65, 0.02738922645872728], "DMB": [2276.0, 3, 0.04180109645796627], "DOB": [158.0, 6, 0.002792530011704397], "DRB4": [2.0, 1, 3.631935080568148e-05], "J": [2.0, 1, 2.6567853877032755e-05], "DOA": [72.0, 8, 0.001390843027666177]}